station_id,timestamp,temperature_c,humidity_pct,pressure_hpa,is_anomaly,anomaly_type,prediction,anomaly_score,ai_anomaly,trust_score,status,explanation
INM00043278,2026-01-01 00:00:00,23.6,98.0,1009.9,0,normal,-1,-0.0034786489216336314,1,58.2,SUSPICIOUS,"The combination of temperature, humidity and pressure differs significantly from the learned normal pattern."
INM00043278,2026-01-01 03:00:00,24.0,99.0,1012.9,0,normal,-1,-0.004514745118856522,1,57.9,SUSPICIOUS,"The combination of temperature, humidity and pressure differs significantly from the learned normal pattern."
INM00043278,2026-01-01 06:00:00,25.0,95.0,1012.5,0,normal,1,0.043865236169371546,0,71.4,NORMAL,Sensor readings appear consistent with the learned normal pattern.
INM00043278,2026-01-01 09:00:00,27.0,87.0,1009.8,0,normal,1,0.11026338967029287,0,89.9,NORMAL,Sensor readings appear consistent with the learned normal pattern.
INM00043278,2026-01-01 12:00:00,26.2,88.0,1009.9,0,normal,1,0.10296468884984006,0,87.9,NORMAL,Sensor readings appear consistent with the learned normal pattern.
INM00043278,2026-01-01 15:00:00,25.6,91.0,1011.5,0,normal,1,0.08308764171374122,0,82.4,NORMAL,Sensor readings appear consistent with the learned normal pattern.
INM00043278,2026-01-01 18:00:00,25.4,91.0,1011.7,0,normal,1,0.07982770350828511,0,81.5,NORMAL,Sensor readings appear consistent with the learned normal pattern.
INM00043278,2026-01-02 00:00:00,24.2,96.0,1011.1,0,normal,1,0.03153585047593821,0,68.0,NORMAL,Sensor readings appear consistent with the learned normal pattern.
INM00043278,2026-01-02 03:00:00,25.0,93.0,1014.3,0,normal,1,0.042063867097527574,0,70.9,NORMAL,Sensor readings appear consistent with the learned normal pattern.
INM00043278,2026-01-02 06:00:00,29.2,61.0,1013.9,0,normal,1,0.09023879720576311,0,84.4,NORMAL,Sensor readings appear consistent with the learned normal pattern.
INM00043278,2026-01-02 09:00:00,29.0,67.0,1011.4,0,normal,1,0.1137074493676758,0,90.9,NORMAL,Sensor readings appear consistent with the learned normal pattern.
INM00043278,2026-01-02 12:00:00,27.0,80.0,1011.9,0,normal,1,0.1170212089568623,0,91.8,NORMAL,Sensor readings appear consistent with the learned normal pattern.
INM00043278,2026-01-02 15:00:00,26.0,86.0,1014.0,0,normal,1,0.092407875676774,0,85.0,NORMAL,Sensor readings appear consistent with the learned normal pattern.
INM00043278,2026-01-02 18:00:00,25.0,88.0,1013.8,0,normal,1,0.08232795912086838,0,82.2,NORMAL,Sensor readings appear consistent with the learned normal pattern.
INM00043278,2026-01-03 00:00:00,24.5,84.0,1012.9,0,normal,1,0.10077182435053172,0,87.3,NORMAL,Sensor readings appear consistent with the learned normal pattern.
INM00043278,2026-01-03 03:00:00,26.0,76.0,1014.6,0,normal,1,0.09882417702944035,0,86.8,NORMAL,Sensor readings appear consistent with the learned normal pattern.
INM00043278,2026-01-03 06:00:00,28.2,62.0,1014.8,0,normal,1,0.06943926089551133,0,78.6,NORMAL,Sensor readings appear consistent with the learned normal pattern.
INM00043278,2026-01-03 09:00:00,28.4,68.0,1011.8,0,normal,1,0.11108267076109912,0,90.2,NORMAL,Sensor readings appear consistent with the learned normal pattern.
INM00043278,2026-01-03 12:00:00,26.6,75.0,1012.3,0,normal,1,0.11441346225875537,0,91.1,NORMAL,Sensor readings appear consistent with the learned normal pattern.
INM00043278,2026-01-03 15:00:00,25.2,81.0,1014.4,0,normal,1,0.09910255624687253,0,86.8,NORMAL,Sensor readings appear consistent with the learned normal pattern.
INM00043278,2026-01-03 18:00:00,24.2,81.0,1014.6,0,normal,1,0.08613460313535148,0,83.2,NORMAL,Sensor readings appear consistent with the learned normal pattern.
INM00043278,2026-01-04 00:00:00,22.0,91.0,1013.2,0,normal,1,0.016589210679350375,0,63.8,NORMAL,Sensor readings appear consistent with the learned normal pattern.
INM00043278,2026-01-04 03:00:00,24.6,85.0,1015.7,0,normal,1,0.06633266605520316,0,77.7,NORMAL,Sensor readings appear consistent with the learned normal pattern.
INM00043278,2026-01-04 06:00:00,28.6,54.0,1015.7,0,normal,1,0.027923919425596133,0,67.0,NORMAL,Sensor readings appear consistent with the learned normal pattern.
INM00043278,2026-01-04 09:00:00,28.4,61.0,1012.8,0,normal,1,0.09185718525069836,0,84.8,NORMAL,Sensor readings appear consistent with the learned normal pattern.
INM00043278,2026-01-04 12:00:00,26.6,72.0,1013.2,0,normal,1,0.10164075994951716,0,87.5,NORMAL,Sensor readings appear consistent with the learned normal pattern.
INM00043278,2026-01-04 15:00:00,25.7,74.0,1014.8,0,normal,1,0.09535824783776864,0,85.8,NORMAL,Sensor readings appear consistent with the learned normal pattern.
INM00043278,2026-01-04 18:00:00,25.5,70.0,1015.0,0,normal,1,0.07774078177804283,0,80.9,NORMAL,Sensor readings appear consistent with the learned normal pattern.
INM00043278,2026-01-05 00:00:00,23.5,82.0,1013.8,0,normal,1,0.07815270302410249,0,81.0,NORMAL,Sensor readings appear consistent with the learned normal pattern.
INM00043278,2026-01-05 03:00:00,26.0,66.0,1016.2,0,normal,1,0.05144407065011647,0,73.5,NORMAL,Sensor readings appear consistent with the learned normal pattern.
INM00043278,2026-01-05 06:00:00,28.6,58.0,1015.9,0,normal,1,0.03910218293391876,0,70.1,NORMAL,Sensor readings appear consistent with the learned normal pattern.
INM00043278,2026-01-05 09:00:00,28.6,61.0,1013.4,0,normal,1,0.08912995904916216,0,84.1,NORMAL,Sensor readings appear consistent with the learned normal pattern.
INM00043278,2026-01-05 12:00:00,26.6,68.0,1013.4,0,normal,1,0.09146085152868705,0,84.7,NORMAL,Sensor readings appear consistent with the learned normal pattern.
INM00043278,2026-01-05 15:00:00,25.7,74.0,1015.7,0,normal,1,0.07842696349123085,0,81.1,NORMAL,Sensor readings appear consistent with the learned normal pattern.
INM00043278,2026-01-05 18:00:00,25.6,74.0,1015.0,0,normal,1,0.0918587510429375,0,84.8,NORMAL,Sensor readings appear consistent with the learned normal pattern.
INM00043278,2026-01-06 00:00:00,25.0,73.0,1013.7,0,normal,1,0.0878613700858436,0,83.7,NORMAL,Sensor readings appear consistent with the learned normal pattern.
INM00043278,2026-01-06 03:00:00,26.0,67.0,1016.1,0,normal,1,0.05344535979215864,0,74.1,NORMAL,Sensor readings appear consistent with the learned normal pattern.
INM00043278,2026-01-06 06:00:00,28.5,60.0,1015.8,0,normal,1,0.04796995934760595,0,72.6,NORMAL,Sensor readings appear consistent with the learned normal pattern.
INM00043278,2026-01-06 09:00:00,28.0,65.0,1013.2,0,normal,1,0.09494399448556423,0,85.7,NORMAL,Sensor readings appear consistent with the learned normal pattern.
INM00043278,2026-01-06 12:00:00,26.6,76.0,1014.0,0,normal,1,0.10476138962359494,0,88.4,NORMAL,Sensor readings appear consistent with the learned normal pattern.
INM00043278,2026-01-06 15:00:00,25.7,86.0,1015.9,0,normal,1,0.06164955299984587,0,76.4,NORMAL,Sensor readings appear consistent with the learned normal pattern.
INM00043278,2026-01-06 18:00:00,25.6,74.0,1015.9,0,normal,1,0.07617273478844605,0,80.4,NORMAL,Sensor readings appear consistent with the learned normal pattern.
INM00043278,2026-01-07 00:00:00,24.6,71.0,1014.7,0,normal,1,0.0730203503773505,0,79.6,NORMAL,Sensor readings appear consistent with the learned normal pattern.
INM00043278,2026-01-07 03:00:00,25.6,67.0,1016.8,0,normal,1,0.037521437925612966,0,69.7,NORMAL,Sensor readings appear consistent with the learned normal pattern.
INM00043278,2026-01-07 06:00:00,28.2,60.0,1016.8,0,normal,1,0.027750667569322873,0,66.9,NORMAL,Sensor readings appear consistent with the learned normal pattern.
INM00043278,2026-01-07 09:00:00,27.6,62.0,1014.3,0,normal,1,0.07184508274913382,0,79.2,NORMAL,Sensor readings appear consistent with the learned normal pattern.
INM00043278,2026-01-07 12:00:00,26.0,69.0,1014.2,0,normal,1,0.07888969681573005,0,81.2,NORMAL,Sensor readings appear consistent with the learned normal pattern.
INM00043278,2026-01-07 15:00:00,25.0,86.0,1016.3,1,humidity_spike,1,0.05963906745699388,0,75.8,NORMAL,Sensor readings appear consistent with the learned normal pattern.
INM00043278,2026-01-07 18:00:00,24.7,73.0,1016.1,0,normal,1,0.06329799596961416,0,76.8,NORMAL,Sensor readings appear consistent with the learned normal pattern.
INM00043278,2026-01-08 03:00:00,26.6,67.0,1016.8,0,normal,1,0.04136010342367624,0,70.7,NORMAL,Sensor readings appear consistent with the learned normal pattern.
INM00043278,2026-01-08 06:00:00,28.2,62.0,1016.6,0,normal,1,0.03745317531951664,0,69.6,NORMAL,Sensor readings appear consistent with the learned normal pattern.
INM00043278,2026-01-08 09:00:00,26.4,76.0,1014.7,0,normal,1,0.1000945519013714,0,87.1,NORMAL,Sensor readings appear consistent with the learned normal pattern.
INM00043278,2026-01-08 15:00:00,25.5,68.0,1015.5,0,normal,1,0.06638562909590529,0,77.7,NORMAL,Sensor readings appear consistent with the learned normal pattern.
INM00043278,2026-01-08 18:00:00,25.0,71.0,1015.4,0,normal,1,0.07307392544347874,0,79.6,NORMAL,Sensor readings appear consistent with the learned normal pattern.
INM00043278,2026-01-09 03:00:00,25.6,73.0,1015.8,0,normal,1,0.07879812706194905,0,81.2,NORMAL,Sensor readings appear consistent with the learned normal pattern.
INM00043278,2026-01-09 06:00:00,27.2,84.0,1015.5,1,humidity_spike,1,0.0808137192635433,0,81.7,NORMAL,Sensor readings appear consistent with the learned normal pattern.
INM00043278,2026-01-09 09:00:00,26.2,70.0,1013.4,0,normal,1,0.08638920588600413,0,83.3,NORMAL,Sensor readings appear consistent with the learned normal pattern.
INM00043278,2026-01-09 12:00:00,25.5,65.0,1012.7,0,normal,1,0.06435039436185375,0,77.1,NORMAL,Sensor readings appear consistent with the learned normal pattern.
INM00043278,2026-01-09 15:00:00,45.5,74.0,1014.3,1,temperature_spike,-1,-0.09842712517174279,1,31.7,WARNING,Anomaly detected because temperature is unusually high.
INM00043278,2026-01-09 18:00:00,25.0,79.0,1014.1,0,normal,1,0.10170798449812224,0,87.6,NORMAL,Sensor readings appear consistent with the learned normal pattern.
INM00043278,2026-01-10 00:00:00,22.0,96.0,1013.7,0,normal,-1,-0.021724653831401985,1,53.1,SUSPICIOUS,"The combination of temperature, humidity and pressure differs significantly from the learned normal pattern."
INM00043278,2026-01-10 03:00:00,23.2,86.0,1015.0,0,normal,1,0.054600179794376924,0,74.4,NORMAL,Sensor readings appear consistent with the learned normal pattern.
INM00043278,2026-01-10 06:00:00,27.5,63.0,1014.3,0,normal,1,0.07468487938800156,0,80.0,NORMAL,Sensor readings appear consistent with the learned normal pattern.
INM00043278,2026-01-10 09:00:00,24.5,79.0,1012.5,0,normal,1,0.09777580154986754,0,86.5,NORMAL,Sensor readings appear consistent with the learned normal pattern.
INM00043278,2026-01-10 12:00:00,24.1,83.0,1012.3,0,normal,1,0.0911907945503439,0,84.6,NORMAL,Sensor readings appear consistent with the learned normal pattern.
INM00043278,2026-01-10 15:00:00,23.7,85.0,1014.4,0,normal,1,0.08120670046508704,0,81.8,NORMAL,Sensor readings appear consistent with the learned normal pattern.
INM00043278,2026-01-10 18:00:00,22.7,94.0,1014.6,0,normal,1,0.004482251955533312,0,60.4,NORMAL,Sensor readings appear consistent with the learned normal pattern.
INM00043278,2026-01-11 00:00:00,21.0,87.0,1013.2,0,normal,1,0.001489172004051853,0,59.6,NORMAL,Sensor readings appear consistent with the learned normal pattern.
INM00043278,2026-01-11 03:00:00,21.5,78.0,1016.3,0,normal,-1,-0.01713058329483408,1,54.4,SUSPICIOUS,"The combination of temperature, humidity and pressure differs significantly from the learned normal pattern."
INM00043278,2026-01-11 09:00:00,24.0,83.0,1014.3,0,normal,1,0.08651367146350336,0,83.3,NORMAL,Sensor readings appear consistent with the learned normal pattern.
INM00043278,2026-01-11 12:00:00,22.6,95.0,1014.3,0,normal,1,0.005214840257317888,0,60.6,NORMAL,Sensor readings appear consistent with the learned normal pattern.
INM00043278,2026-01-11 15:00:00,23.0,89.0,1015.8,0,normal,1,0.02083960715665456,0,65.0,NORMAL,Sensor readings appear consistent with the learned normal pattern.
INM00043278,2026-01-11 18:00:00,22.5,87.0,1016.3,0,normal,1,0.0024451719556127793,0,59.9,NORMAL,Sensor readings appear consistent with the learned normal pattern.
INM00043278,2026-01-12 00:00:00,22.0,95.0,1014.5,0,normal,-1,-0.017317037715148587,1,54.4,SUSPICIOUS,"The combination of temperature, humidity and pressure differs significantly from the learned normal pattern."
INM00043278,2026-01-12 03:00:00,22.2,95.0,1017.0,0,normal,-1,-0.06249823006609678,1,41.8,SUSPICIOUS,"The combination of temperature, humidity and pressure differs significantly from the learned normal pattern."
INM00043278,2026-01-12 06:00:00,25.5,80.0,1017.0,0,normal,1,0.04488461170540703,0,71.7,NORMAL,Sensor readings appear consistent with the learned normal pattern.
INM00043278,2026-01-12 09:00:00,27.5,75.0,1014.9,0,normal,1,0.0992632256166075,0,86.9,NORMAL,Sensor readings appear consistent with the learned normal pattern.
INM00043278,2026-01-12 12:00:00,26.5,79.0,1014.7,0,normal,1,0.10029123423187486,0,87.2,NORMAL,Sensor readings appear consistent with the learned normal pattern.
INM00043278,2026-01-12 15:00:00,25.5,82.0,1016.9,0,normal,1,0.0454479372322828,0,71.9,NORMAL,Sensor readings appear consistent with the learned normal pattern.
INM00043278,2026-01-12 18:00:00,25.2,85.0,1016.9,0,normal,1,0.041284542615877384,0,70.7,NORMAL,Sensor readings appear consistent with the learned normal pattern.
INM00043278,2026-01-13 00:00:00,25.0,87.0,1015.1,0,normal,1,0.07420613293170258,0,79.9,NORMAL,Sensor readings appear consistent with the learned normal pattern.
INM00043278,2026-01-13 03:00:00,25.6,87.0,1017.4,0,normal,1,0.01338890554794836,0,62.9,NORMAL,Sensor readings appear consistent with the learned normal pattern.
INM00043278,2026-01-13 06:00:00,28.6,68.0,1017.1,0,normal,1,0.03604845948411528,0,69.2,NORMAL,Sensor readings appear consistent with the learned normal pattern.
INM00043278,2026-01-13 09:00:00,29.2,66.0,1014.1,0,normal,1,0.08991218616157881,0,84.3,NORMAL,Sensor readings appear consistent with the learned normal pattern.
INM00043278,2026-01-13 12:00:00,26.7,79.0,1013.9,0,normal,1,0.108127800238695,0,89.4,NORMAL,Sensor readings appear consistent with the learned normal pattern.
INM00043278,2026-01-13 15:00:00,25.0,87.0,1015.9,0,normal,1,0.057332872496350495,0,75.2,NORMAL,Sensor readings appear consistent with the learned normal pattern.
INM00043278,2026-01-13 18:00:00,24.0,91.0,1015.7,0,normal,1,0.03268890282715975,0,68.3,NORMAL,Sensor readings appear consistent with the learned normal pattern.
INM00043278,2026-01-14 00:00:00,23.2,86.0,1013.7,0,normal,1,0.07166177665336038,0,79.2,NORMAL,Sensor readings appear consistent with the learned normal pattern.
INM00043278,2026-01-14 03:00:00,24.5,91.0,1016.3,0,normal,1,0.0258265875896887,0,66.4,NORMAL,Sensor readings appear consistent with the learned normal pattern.
INM00043278,2026-01-14 09:00:00,30.0,61.0,1012.8,0,normal,1,0.10022196698811048,0,87.1,NORMAL,Sensor readings appear consistent with the learned normal pattern.
INM00043278,2026-01-14 12:00:00,26.6,78.0,1012.2,0,normal,1,0.11627652552729706,0,91.6,NORMAL,Sensor readings appear consistent with the learned normal pattern.
INM00043278,2026-01-14 15:00:00,24.7,90.0,1014.6,0,normal,1,0.06250502780866718,0,76.6,NORMAL,Sensor readings appear consistent with the learned normal pattern.
INM00043278,2026-01-15 00:00:00,22.0,96.0,1012.6,0,normal,-1,-0.013177282058816853,1,55.5,SUSPICIOUS,"The combination of temperature, humidity and pressure differs significantly from the learned normal pattern."
INM00043278,2026-01-15 03:00:00,24.5,101.0,1015.0,1,humidity_spike,-1,-0.04374888281723499,1,47.0,SUSPICIOUS,Anomaly detected because humidity is outside the normal physical range.
INM00043278,2026-01-15 06:00:00,29.5,64.0,1014.4,0,normal,1,0.08991472130681061,0,84.3,NORMAL,Sensor readings appear consistent with the learned normal pattern.
INM00043278,2026-01-15 09:00:00,29.6,66.0,1011.3,0,normal,1,0.11888765736608098,0,92.4,NORMAL,Sensor readings appear consistent with the learned normal pattern.
INM00043278,2026-01-15 12:00:00,26.2,87.0,1011.4,0,normal,1,0.10299802001982494,0,87.9,NORMAL,Sensor readings appear consistent with the learned normal pattern.
INM00043278,2026-01-15 15:00:00,25.5,83.0,1013.6,0,normal,1,0.1012387861310376,0,87.4,NORMAL,Sensor readings appear consistent with the learned normal pattern.
INM00043278,2026-01-15 18:00:00,25.1,83.0,1013.3,0,normal,1,0.09842228564684757,0,86.6,NORMAL,Sensor readings appear consistent with the learned normal pattern.
INM00043278,2026-01-16 00:00:00,22.7,95.0,1012.9,0,normal,1,0.02162920162865689,0,65.2,NORMAL,Sensor readings appear consistent with the learned normal pattern.
INM00043278,2026-01-16 03:00:00,25.0,87.0,1015.0,0,normal,1,0.07565563496615663,0,80.3,NORMAL,Sensor readings appear consistent with the learned normal pattern.
INM00043278,2026-01-16 09:00:00,29.2,64.0,1012.2,0,normal,1,0.11034971806815813,0,90.0,NORMAL,Sensor readings appear consistent with the learned normal pattern.
INM00043278,2026-01-16 12:00:00,27.2,71.0,1011.8,0,normal,1,0.10797484893462483,0,89.3,NORMAL,Sensor readings appear consistent with the learned normal pattern.
INM00043278,2026-01-16 15:00:00,24.6,82.0,1013.6,0,normal,1,0.09357558513775427,0,85.3,NORMAL,Sensor readings appear consistent with the learned normal pattern.
INM00043278,2026-01-16 18:00:00,22.7,90.0,1013.1,0,normal,1,0.04914759938128627,0,72.9,NORMAL,Sensor readings appear consistent with the learned normal pattern.
INM00043278,2026-01-17 00:00:00,22.0,95.0,1011.7,0,normal,-1,-0.009320446563774731,1,56.6,SUSPICIOUS,"The combination of temperature, humidity and pressure differs significantly from the learned normal pattern."
INM00043278,2026-01-17 03:00:00,24.2,87.0,1014.4,0,normal,1,0.08318568385141711,0,82.4,NORMAL,Sensor readings appear consistent with the learned normal pattern.
INM00043278,2026-01-17 06:00:00,29.2,40.0,1014.3,0,normal,-1,-0.053380658768594436,1,44.3,SUSPICIOUS,"The combination of temperature, humidity and pressure differs significantly from the learned normal pattern."
INM00043278,2026-01-17 09:00:00,30.0,53.0,1010.8,0,normal,1,0.06299632448222331,0,76.8,NORMAL,Sensor readings appear consistent with the learned normal pattern.
INM00043278,2026-01-17 12:00:00,26.7,62.0,1010.3,0,normal,1,0.06705359350115181,0,77.9,NORMAL,Sensor readings appear consistent with the learned normal pattern.
INM00043278,2026-01-17 15:00:00,24.5,75.0,1011.9,0,normal,1,0.08729077156378051,0,83.5,NORMAL,Sensor readings appear consistent with the learned normal pattern.
INM00043278,2026-01-17 18:00:00,22.5,85.0,1012.0,0,normal,1,0.05325188140237608,0,74.0,NORMAL,Sensor readings appear consistent with the learned normal pattern.
INM00043278,2026-01-18 00:00:00,20.0,94.0,1010.5,0,normal,-1,-0.03675006043466955,1,48.9,SUSPICIOUS,"The combination of temperature, humidity and pressure differs significantly from the learned normal pattern."
INM00043278,2026-01-18 03:00:00,23.5,81.0,1012.9,0,normal,1,0.08639830603497911,0,83.3,NORMAL,Sensor readings appear consistent with the learned normal pattern.
INM00043278,2026-01-18 06:00:00,28.6,49.0,1012.2,0,normal,1,0.016694280373863557,0,63.8,NORMAL,Sensor readings appear consistent with the learned normal pattern.
INM00043278,2026-01-18 09:00:00,29.8,49.0,1008.8,0,normal,1,0.028985560046101866,0,67.3,NORMAL,Sensor readings appear consistent with the learned normal pattern.
INM00043278,2026-01-18 12:00:00,26.7,64.0,1009.3,0,normal,1,0.0798262974007965,0,81.5,NORMAL,Sensor readings appear consistent with the learned normal pattern.
INM00043278,2026-01-18 15:00:00,23.6,80.0,1011.1,0,normal,1,0.07443222304291869,0,80.0,NORMAL,Sensor readings appear consistent with the learned normal pattern.
INM00043278,2026-01-18 18:00:00,22.7,85.0,1011.7,0,normal,1,0.05255908564677042,0,73.8,NORMAL,Sensor readings appear consistent with the learned normal pattern.
INM00043278,2026-01-19 00:00:00,21.0,93.0,1011.1,0,normal,-1,-0.028497600316172655,1,51.2,SUSPICIOUS,"The combination of temperature, humidity and pressure differs significantly from the learned normal pattern."
INM00043278,2026-01-19 03:00:00,23.7,81.0,1013.9,0,normal,1,0.08611508584185162,0,83.2,NORMAL,Sensor readings appear consistent with the learned normal pattern.
INM00043278,2026-01-19 06:00:00,28.5,53.0,1013.5,0,normal,1,0.0473801537880732,0,72.4,NORMAL,Sensor readings appear consistent with the learned normal pattern.
INM00043278,2026-01-19 09:00:00,29.7,54.0,1010.3,0,normal,1,0.07703553255025009,0,80.7,NORMAL,Sensor readings appear consistent with the learned normal pattern.
INM00043278,2026-01-19 12:00:00,26.2,72.0,1011.7,0,normal,1,0.0966349493810264,0,86.1,NORMAL,Sensor readings appear consistent with the learned normal pattern.
INM00043278,2026-01-19 15:00:00,23.6,78.0,1013.1,0,normal,1,0.0814381317310156,0,81.9,NORMAL,Sensor readings appear consistent with the learned normal pattern.
INM00043278,2026-01-19 18:00:00,21.7,88.0,1012.4,0,normal,1,0.01507075687373094,0,63.4,NORMAL,Sensor readings appear consistent with the learned normal pattern.
INM00043278,2026-01-20 00:00:00,20.6,95.0,1011.7,0,normal,-1,-0.040836566437758015,1,47.8,SUSPICIOUS,"The combination of temperature, humidity and pressure differs significantly from the learned normal pattern."
INM00043278,2026-01-20 03:00:00,23.6,80.0,1013.8,0,normal,1,0.08360912676482135,0,82.5,NORMAL,Sensor readings appear consistent with the learned normal pattern.
INM00043278,2026-01-20 06:00:00,28.6,54.0,1013.8,0,normal,1,0.05647279894145002,0,74.9,NORMAL,Sensor readings appear consistent with the learned normal pattern.
INM00043278,2026-01-20 09:00:00,29.0,62.0,1011.0,0,normal,1,0.09733263367765049,0,86.3,NORMAL,Sensor readings appear consistent with the learned normal pattern.
INM00043278,2026-01-20 12:00:00,26.5,73.0,1011.0,0,normal,1,0.1051495532293219,0,88.5,NORMAL,Sensor readings appear consistent with the learned normal pattern.
INM00043278,2026-01-20 15:00:00,25.0,79.0,1013.0,0,normal,1,0.10673693758765446,0,89.0,NORMAL,Sensor readings appear consistent with the learned normal pattern.
INM00043278,2026-01-20 18:00:00,24.7,82.0,1012.8,0,normal,1,0.10049247909230086,0,87.2,NORMAL,Sensor readings appear consistent with the learned normal pattern.
INM00043278,2026-01-21 03:00:00,24.2,81.0,1015.0,0,normal,1,0.0812898242851754,0,81.9,NORMAL,Sensor readings appear consistent with the learned normal pattern.
INM00043278,2026-01-21 06:00:00,28.2,60.0,1015.2,0,normal,1,0.055490450895501475,0,74.7,NORMAL,Sensor readings appear consistent with the learned normal pattern.
INM00043278,2026-01-21 09:00:00,29.5,55.0,1012.1,0,normal,1,0.08341424784099027,0,82.5,NORMAL,Sensor readings appear consistent with the learned normal pattern.
INM00043278,2026-01-21 12:00:00,26.7,68.0,1011.9,0,normal,1,0.09520215726338926,0,85.7,NORMAL,Sensor readings appear consistent with the learned normal pattern.
INM00043278,2026-01-21 15:00:00,24.7,75.0,1013.6,0,normal,1,0.09269344627821513,0,85.0,NORMAL,Sensor readings appear consistent with the learned normal pattern.
INM00043278,2026-01-21 18:00:00,24.0,75.0,1013.8,0,normal,1,0.08270527383051496,0,82.3,NORMAL,Sensor readings appear consistent with the learned normal pattern.
INM00043278,2026-01-22 00:00:00,21.5,90.0,1013.5,0,normal,-1,-0.0017452009829481696,1,58.7,SUSPICIOUS,"The combination of temperature, humidity and pressure differs significantly from the learned normal pattern."
INM00043278,2026-01-22 03:00:00,23.7,79.0,1015.1,0,normal,1,0.0729861554943072,0,79.5,NORMAL,Sensor readings appear consistent with the learned normal pattern.
INM00043278,2026-01-22 06:00:00,29.0,57.0,1015.4,0,normal,1,0.04890668290724309,0,72.8,NORMAL,Sensor readings appear consistent with the learned normal pattern.
INM00043278,2026-01-22 12:00:00,27.0,56.0,1012.5,0,normal,1,0.04805976593276401,0,72.6,NORMAL,Sensor readings appear consistent with the learned normal pattern.
INM00043278,2026-01-22 15:00:00,25.6,65.0,1014.1,0,normal,1,0.06321273118424603,0,76.8,NORMAL,Sensor readings appear consistent with the learned normal pattern.
INM00043278,2026-01-22 18:00:00,23.7,69.0,1014.4,0,normal,1,0.054397448073483845,0,74.4,NORMAL,Sensor readings appear consistent with the learned normal pattern.
INM00043278,2026-01-23 00:00:00,22.2,81.0,1013.6,0,normal,1,0.04586021325441203,0,72.0,NORMAL,Sensor readings appear consistent with the learned normal pattern.
INM00043278,2026-01-23 03:00:00,24.6,69.0,1015.7,0,normal,1,0.05106911585699003,0,73.4,NORMAL,Sensor readings appear consistent with the learned normal pattern.
INM00043278,2026-01-23 06:00:00,27.7,68.0,1015.9,0,normal,1,0.0644137330159405,0,77.2,NORMAL,Sensor readings appear consistent with the learned normal pattern.
INM00043278,2026-01-23 09:00:00,27.6,77.0,1013.4,0,normal,1,0.11141925940991365,0,90.3,NORMAL,Sensor readings appear consistent with the learned normal pattern.
INM00043278,2026-01-23 12:00:00,26.7,73.0,1013.1,0,normal,1,0.10477938677385146,0,88.4,NORMAL,Sensor readings appear consistent with the learned normal pattern.
INM00043278,2026-01-23 18:00:00,24.1,79.0,1015.3,0,normal,1,0.07933395231031642,0,81.3,NORMAL,Sensor readings appear consistent with the learned normal pattern.
INM00043278,2026-01-24 00:00:00,23.7,91.0,1014.4,0,normal,1,0.05186031324327317,0,73.7,NORMAL,Sensor readings appear consistent with the learned normal pattern.
INM00043278,2026-01-24 03:00:00,23.6,91.0,1016.6,0,normal,1,0.0036171212209236137,0,60.2,NORMAL,Sensor readings appear consistent with the learned normal pattern.
INM00043278,2026-01-24 06:00:00,26.6,72.0,1016.4,0,normal,1,0.06914490594573636,0,78.5,NORMAL,Sensor readings appear consistent with the learned normal pattern.
INM00043278,2026-01-24 12:00:00,24.0,87.0,1013.7,0,normal,1,0.08490626795082395,0,82.9,NORMAL,Sensor readings appear consistent with the learned normal pattern.
INM00043278,2026-01-25 03:00:00,43.0,93.0,1015.5,1,temperature_spike,-1,-0.13114411966164985,1,22.6,WARNING,"The combination of temperature, humidity and pressure differs significantly from the learned normal pattern."
INM00043278,2026-01-25 06:00:00,25.5,75.0,1015.2,0,normal,1,0.09379405836797466,0,85.4,NORMAL,Sensor readings appear consistent with the learned normal pattern.
INM00043278,2026-01-25 18:00:00,23.2,95.0,1015.5,0,normal,-1,-0.010720905017517213,1,56.2,SUSPICIOUS,"The combination of temperature, humidity and pressure differs significantly from the learned normal pattern."
INM00043278,2026-01-26 00:00:00,23.0,95.0,1013.9,0,normal,1,0.01237703595451023,0,62.6,NORMAL,Sensor readings appear consistent with the learned normal pattern.
INM00043278,2026-01-26 09:00:00,27.7,77.0,1014.2,0,normal,1,0.10269906543527407,0,87.8,NORMAL,Sensor readings appear consistent with the learned normal pattern.
INM00043278,2026-01-26 12:00:00,26.2,85.0,1014.3,0,normal,1,0.09471679602016286,0,85.6,NORMAL,Sensor readings appear consistent with the learned normal pattern.
INM00043278,2026-01-26 15:00:00,25.7,83.0,1016.7,0,normal,1,0.053888780393081315,0,74.2,NORMAL,Sensor readings appear consistent with the learned normal pattern.
INM00043278,2026-01-26 18:00:00,25.2,85.0,1016.8,0,normal,1,0.045079665840957905,0,71.8,NORMAL,Sensor readings appear consistent with the learned normal pattern.
INM00043278,2026-01-27 00:00:00,23.0,90.0,1015.9,0,normal,1,0.007728877348355034,0,61.3,NORMAL,Sensor readings appear consistent with the learned normal pattern.
INM00043278,2026-01-27 03:00:00,25.2,81.0,1018.2,0,normal,1,0.023765498538246832,0,65.8,NORMAL,Sensor readings appear consistent with the learned normal pattern.
INM00043278,2026-01-27 06:00:00,28.5,63.0,1017.9,0,normal,1,0.018019261601263548,0,64.2,NORMAL,Sensor readings appear consistent with the learned normal pattern.
INM00043278,2026-01-27 09:00:00,28.7,60.0,1014.5,0,normal,1,0.06912470586418201,0,78.5,NORMAL,Sensor readings appear consistent with the learned normal pattern.
INM00043278,2026-01-27 12:00:00,26.7,68.0,1014.5,0,normal,1,0.08416421052752182,0,82.7,NORMAL,Sensor readings appear consistent with the learned normal pattern.
INM00043278,2026-01-27 15:00:00,25.0,77.0,1016.3,0,normal,1,0.07546234861064482,0,80.2,NORMAL,Sensor readings appear consistent with the learned normal pattern.
INM00043278,2026-01-27 18:00:00,23.5,88.0,1016.1,0,normal,1,0.028378313715056835,0,67.1,NORMAL,Sensor readings appear consistent with the learned normal pattern.
INM00043278,2026-01-28 00:00:00,22.2,93.0,1014.5,0,normal,1,0.00043451464492005876,0,59.3,NORMAL,Sensor readings appear consistent with the learned normal pattern.
INM00043278,2026-01-28 03:00:00,24.0,83.0,1017.0,0,normal,1,0.029850595492902254,0,67.5,NORMAL,Sensor readings appear consistent with the learned normal pattern.
INM00043278,2026-01-28 06:00:00,27.5,67.0,1016.3,0,normal,1,0.05640113026670435,0,74.9,NORMAL,Sensor readings appear consistent with the learned normal pattern.
INM00043278,2026-01-28 09:00:00,28.6,58.0,1013.6,0,normal,1,0.07958684858854465,0,81.4,NORMAL,Sensor readings appear consistent with the learned normal pattern.
INM00043278,2026-01-28 12:00:00,27.0,66.0,1013.3,0,normal,1,0.08877727294359988,0,84.0,NORMAL,Sensor readings appear consistent with the learned normal pattern.
INM00043278,2026-01-28 15:00:00,25.1,74.0,1014.8,0,normal,1,0.0904415190009199,0,84.4,NORMAL,Sensor readings appear consistent with the learned normal pattern.
INM00043278,2026-01-28 18:00:00,24.2,77.0,1014.7,0,normal,1,0.08304078666438952,0,82.4,NORMAL,Sensor readings appear consistent with the learned normal pattern.
INM00043278,2026-01-29 00:00:00,22.7,90.0,1012.8,0,normal,1,0.050948114746009854,0,73.4,NORMAL,Sensor readings appear consistent with the learned normal pattern.
INM00043278,2026-01-29 03:00:00,24.2,85.0,1015.8,0,normal,1,0.061919837412332035,0,76.5,NORMAL,Sensor readings appear consistent with the learned normal pattern.
INM00043278,2026-01-29 06:00:00,28.2,56.0,1015.8,0,normal,1,0.03675277958941697,0,69.4,NORMAL,Sensor readings appear consistent with the learned normal pattern.
INM00043278,2026-01-29 09:00:00,28.8,56.0,1012.6,0,normal,1,0.07582624982184344,0,80.3,NORMAL,Sensor readings appear consistent with the learned normal pattern.
INM00043278,2026-01-29 12:00:00,26.7,66.0,1013.1,0,normal,1,0.08613073505671892,0,83.2,NORMAL,Sensor readings appear consistent with the learned normal pattern.
INM00043278,2026-01-29 15:00:00,25.2,74.0,1015.3,0,normal,1,0.08685948316994857,0,83.4,NORMAL,Sensor readings appear consistent with the learned normal pattern.
INM00043278,2026-01-29 18:00:00,24.0,81.0,1015.5,0,normal,1,0.06950641367191623,0,78.6,NORMAL,Sensor readings appear consistent with the learned normal pattern.
INM00043278,2026-01-30 00:00:00,22.0,86.0,1014.1,0,normal,1,0.029267222310874197,0,67.4,NORMAL,Sensor readings appear consistent with the learned normal pattern.
INM00043278,2026-01-30 03:00:00,24.0,81.0,1016.4,0,normal,1,0.05849308845055129,0,75.5,NORMAL,Sensor readings appear consistent with the learned normal pattern.
INM00043278,2026-01-30 06:00:00,28.2,53.0,1016.4,0,normal,1,0.006386778261869952,0,61.0,NORMAL,Sensor readings appear consistent with the learned normal pattern.
INM00043278,2026-01-30 09:00:00,29.0,51.0,1013.5,0,normal,1,0.037951607203430215,0,69.8,NORMAL,Sensor readings appear consistent with the learned normal pattern.
INM00043278,2026-01-30 12:00:00,26.5,60.0,1013.8,0,normal,1,0.053663345686483954,0,74.2,NORMAL,Sensor readings appear consistent with the learned normal pattern.
INM00043278,2026-01-30 15:00:00,25.0,68.0,1015.4,0,normal,1,0.06437502735607065,0,77.1,NORMAL,Sensor readings appear consistent with the learned normal pattern.
INM00043278,2026-01-31 00:00:00,23.0,74.0,1014.4,0,normal,1,0.0556718897880783,0,74.7,NORMAL,Sensor readings appear consistent with the learned normal pattern.
INM00043278,2026-01-31 03:00:00,24.8,71.0,1016.7,0,normal,1,0.04484398989567806,0,71.7,NORMAL,Sensor readings appear consistent with the learned normal pattern.
INM00043278,2026-01-31 06:00:00,28.5,53.0,1016.9,0,normal,-1,-0.006588151047128288,1,57.3,SUSPICIOUS,"The combination of temperature, humidity and pressure differs significantly from the learned normal pattern."
INM00043278,2026-01-31 09:00:00,29.0,58.0,1013.8,0,normal,1,0.08064916207791445,0,81.7,NORMAL,Sensor readings appear consistent with the learned normal pattern.
INM00043278,2026-01-31 12:00:00,26.7,63.0,1013.5,0,normal,1,0.07381335977160769,0,79.8,NORMAL,Sensor readings appear consistent with the learned normal pattern.
INM00043278,2026-01-31 15:00:00,25.2,74.0,1015.0,0,normal,1,0.0883686615887998,0,83.8,NORMAL,Sensor readings appear consistent with the learned normal pattern.
INM00043278,2026-01-31 18:00:00,25.2,70.0,1015.2,0,normal,1,0.07305503491264992,0,79.6,NORMAL,Sensor readings appear consistent with the learned normal pattern.
INM00043278,2026-02-01 00:00:00,24.5,73.0,1014.1,0,normal,1,0.08006187593916692,0,81.5,NORMAL,Sensor readings appear consistent with the learned normal pattern.
INM00043278,2026-02-01 03:00:00,25.0,79.0,1016.4,0,normal,1,0.07493756234390386,0,80.1,NORMAL,Sensor readings appear consistent with the learned normal pattern.
INM00043278,2026-02-01 06:00:00,29.0,58.0,1016.7,0,normal,1,0.025440544081713035,0,66.3,NORMAL,Sensor readings appear consistent with the learned normal pattern.
INM00043278,2026-02-01 09:00:00,29.4,83.0,1014.2,0,normal,1,0.08577292753588361,0,83.1,NORMAL,Sensor readings appear consistent with the learned normal pattern.
INM00043278,2026-02-01 12:00:00,27.2,64.0,1014.0,0,normal,1,0.08310713415166404,0,82.4,NORMAL,Sensor readings appear consistent with the learned normal pattern.
INM00043278,2026-02-01 15:00:00,25.5,74.0,1015.5,0,normal,1,0.08466833561454107,0,82.8,NORMAL,Sensor readings appear consistent with the learned normal pattern.
INM00043278,2026-02-01 18:00:00,25.2,73.0,1016.1,0,normal,1,0.07040759074314173,0,78.8,NORMAL,Sensor readings appear consistent with the learned normal pattern.
INM00043278,2026-02-02 00:00:00,24.2,81.0,1014.5,0,normal,1,0.0896076431604072,0,84.2,NORMAL,Sensor readings appear consistent with the learned normal pattern.
INM00043278,2026-02-02 03:00:00,25.0,79.0,1016.4,0,normal,1,0.07493756234390386,0,80.1,NORMAL,Sensor readings appear consistent with the learned normal pattern.
INM00043278,2026-02-02 06:00:00,28.5,54.0,1016.2,0,normal,1,0.02152208309434467,0,65.2,NORMAL,Sensor readings appear consistent with the learned normal pattern.
INM00043278,2026-02-02 09:00:00,28.8,55.0,1013.3,0,normal,1,0.065560300929416,0,77.5,NORMAL,Sensor readings appear consistent with the learned normal pattern.
INM00043278,2026-02-02 12:00:00,27.0,64.0,1013.5,0,normal,1,0.08398126366833236,0,82.6,NORMAL,Sensor readings appear consistent with the learned normal pattern.
INM00043278,2026-02-02 15:00:00,25.7,73.0,1015.1,0,normal,1,0.08919653346092221,0,84.1,NORMAL,Sensor readings appear consistent with the learned normal pattern.
INM00043278,2026-02-02 18:00:00,25.2,82.0,1015.4,1,humidity_spike,1,0.0816908382893543,0,82.0,NORMAL,Sensor readings appear consistent with the learned normal pattern.
INM00043278,2026-02-03 00:00:00,22.0,84.0,1014.7,0,normal,1,0.030378066906614376,0,67.7,NORMAL,Sensor readings appear consistent with the learned normal pattern.
INM00043278,2026-02-03 03:00:00,24.2,75.0,1016.5,0,normal,1,0.05298160240860911,0,74.0,NORMAL,Sensor readings appear consistent with the learned normal pattern.
INM00043278,2026-02-03 06:00:00,28.5,53.0,1016.5,0,normal,1,0.005618314936171931,0,60.8,NORMAL,Sensor readings appear consistent with the learned normal pattern.
INM00043278,2026-02-03 09:00:00,29.1,50.0,1014.2,0,normal,1,0.011577576488906782,0,62.4,NORMAL,Sensor readings appear consistent with the learned normal pattern.
INM00043278,2026-02-03 12:00:00,26.2,59.0,1014.3,0,normal,1,0.03694208728034787,0,69.5,NORMAL,Sensor readings appear consistent with the learned normal pattern.
INM00043278,2026-02-03 15:00:00,25.3,65.0,1015.4,0,normal,1,0.05157672192559959,0,73.6,NORMAL,Sensor readings appear consistent with the learned normal pattern.
INM00043278,2026-02-03 18:00:00,25.0,65.0,1015.6,0,normal,1,0.04171685146862547,0,70.8,NORMAL,Sensor readings appear consistent with the learned normal pattern.
INM00043278,2026-02-04 00:00:00,23.5,79.0,1014.2,0,normal,1,0.078562150742372,0,81.1,NORMAL,Sensor readings appear consistent with the learned normal pattern.
INM00043278,2026-02-04 03:00:00,25.2,74.0,1016.4,0,normal,1,0.07225023258428703,0,79.3,NORMAL,Sensor readings appear consistent with the learned normal pattern.
INM00043278,2026-02-04 06:00:00,29.5,57.0,1016.1,0,normal,1,0.03972245061701579,0,70.3,NORMAL,Sensor readings appear consistent with the learned normal pattern.
INM00043278,2026-02-04 09:00:00,29.2,59.0,1013.5,0,normal,1,0.08721642170575777,0,83.5,NORMAL,Sensor readings appear consistent with the learned normal pattern.
INM00043278,2026-02-04 15:00:00,25.2,70.0,1015.3,0,normal,1,0.07276787146175728,0,79.5,NORMAL,Sensor readings appear consistent with the learned normal pattern.
INM00043278,2026-02-04 18:00:00,24.5,75.0,1015.7,0,normal,1,0.06774930537171198,0,78.1,NORMAL,Sensor readings appear consistent with the learned normal pattern.
INM00043278,2026-02-05 00:00:00,22.1,85.0,1014.3,0,normal,1,0.03501007463622513,0,69.0,NORMAL,Sensor readings appear consistent with the learned normal pattern.
INM00043278,2026-02-05 03:00:00,24.3,77.0,1016.4,0,normal,1,0.06283176303372628,0,76.7,NORMAL,Sensor readings appear consistent with the learned normal pattern.
INM00043278,2026-02-05 06:00:00,29.5,52.0,1016.5,0,normal,1,0.0019521100247115175,0,59.7,NORMAL,Sensor readings appear consistent with the learned normal pattern.
INM00043278,2026-02-05 09:00:00,29.0,61.0,1013.8,0,normal,1,0.08994026477027367,0,84.3,NORMAL,Sensor readings appear consistent with the learned normal pattern.
INM00043278,2026-02-05 12:00:00,27.5,64.0,1014.0,0,normal,1,0.08482148863270073,0,82.8,NORMAL,Sensor readings appear consistent with the learned normal pattern.
INM00043278,2026-02-05 18:00:00,25.0,79.0,1016.8,0,normal,1,0.05862330458260073,0,75.5,NORMAL,Sensor readings appear consistent with the learned normal pattern.
INM00043278,2026-02-06 00:00:00,23.0,85.0,1014.8,0,normal,1,0.057088174915776224,0,75.1,NORMAL,Sensor readings appear consistent with the learned normal pattern.
INM00043278,2026-02-06 03:00:00,25.0,76.0,1017.0,0,normal,1,0.0480820291367573,0,72.6,NORMAL,Sensor readings appear consistent with the learned normal pattern.
INM00043278,2026-02-06 06:00:00,29.0,54.0,1016.6,0,normal,1,0.014293954849528112,0,63.2,NORMAL,Sensor readings appear consistent with the learned normal pattern.
INM00043278,2026-02-06 09:00:00,29.7,52.0,1014.2,0,normal,1,0.03573912088778908,0,69.2,NORMAL,Sensor readings appear consistent with the learned normal pattern.
INM00043278,2026-02-06 12:00:00,27.5,57.0,1014.5,0,normal,1,0.04769096580626747,0,72.5,NORMAL,Sensor readings appear consistent with the learned normal pattern.
INM00043278,2026-02-06 15:00:00,25.5,73.0,1016.0,0,normal,1,0.07427531612420202,0,79.9,NORMAL,Sensor readings appear consistent with the learned normal pattern.
INM00043278,2026-02-06 18:00:00,24.5,77.0,1015.8,0,normal,1,0.07009165525610278,0,78.7,NORMAL,Sensor readings appear consistent with the learned normal pattern.
INM00043278,2026-02-07 00:00:00,22.2,89.0,1014.0,0,normal,1,0.03346169241553176,0,68.5,NORMAL,Sensor readings appear consistent with the learned normal pattern.
INM00043278,2026-02-07 03:00:00,24.4,80.0,1016.4,0,normal,1,0.06518908555298747,0,77.4,NORMAL,Sensor readings appear consistent with the learned normal pattern.
INM00043278,2026-02-07 06:00:00,29.6,49.0,1015.7,0,normal,-1,-0.020709089674330383,1,53.4,SUSPICIOUS,"The combination of temperature, humidity and pressure differs significantly from the learned normal pattern."
INM00043278,2026-02-07 09:00:00,29.0,58.0,1013.2,0,normal,1,0.08718769093620787,0,83.5,NORMAL,Sensor readings appear consistent with the learned normal pattern.
INM00043278,2026-02-07 12:00:00,27.7,65.0,1012.3,0,normal,1,0.09612726824172063,0,86.0,NORMAL,Sensor readings appear consistent with the learned normal pattern.
INM00043278,2026-02-07 15:00:00,25.2,79.0,1014.4,0,normal,1,0.1012077562418654,0,87.4,NORMAL,Sensor readings appear consistent with the learned normal pattern.
INM00043278,2026-02-07 18:00:00,24.2,100.0,1014.3,1,humidity_spike,-1,-0.02931348433123626,1,51.0,SUSPICIOUS,"The combination of temperature, humidity and pressure differs significantly from the learned normal pattern."
INM00043278,2026-02-08 00:00:00,22.5,91.0,1013.4,0,normal,1,0.031782204990642604,0,68.1,NORMAL,Sensor readings appear consistent with the learned normal pattern.
INM00043278,2026-02-08 03:00:00,24.0,87.0,1014.8,0,normal,1,0.07467581533406009,0,80.0,NORMAL,Sensor readings appear consistent with the learned normal pattern.
INM00043278,2026-02-08 06:00:00,30.5,33.0,1014.3,0,normal,-1,-0.07804611339453948,1,37.4,WARNING,"The combination of temperature, humidity and pressure differs significantly from the learned normal pattern."
INM00043278,2026-02-08 09:00:00,50.5,50.0,1011.8,1,temperature_spike,-1,-0.1446505823042783,1,18.8,CRITICAL,Anomaly detected because temperature is unusually high.
INM00043278,2026-02-08 12:00:00,27.2,71.0,1011.0,0,normal,1,0.1063523886479012,0,88.9,NORMAL,Sensor readings appear consistent with the learned normal pattern.
INM00043278,2026-02-08 18:00:00,24.5,79.0,1013.4,0,normal,1,0.09674007935032769,0,86.2,NORMAL,Sensor readings appear consistent with the learned normal pattern.
INM00043278,2026-02-09 00:00:00,21.2,89.0,1012.5,0,normal,1,0.0034070537456200034,0,60.1,NORMAL,Sensor readings appear consistent with the learned normal pattern.
INM00043278,2026-02-09 03:00:00,24.7,79.0,1015.1,0,normal,1,0.0897108850190873,0,84.2,NORMAL,Sensor readings appear consistent with the learned normal pattern.
INM00043278,2026-02-09 06:00:00,29.6,54.0,1015.1,0,normal,1,0.04228304485436141,0,71.0,NORMAL,Sensor readings appear consistent with the learned normal pattern.
INM00043278,2026-02-09 09:00:00,29.5,64.0,1012.3,1,humidity_spike,1,0.11141169226145886,0,90.3,NORMAL,Sensor readings appear consistent with the learned normal pattern.
INM00043278,2026-02-09 12:00:00,27.2,64.0,1012.0,0,normal,1,0.09096172324424162,0,84.6,NORMAL,Sensor readings appear consistent with the learned normal pattern.
INM00043278,2026-02-09 15:00:00,25.5,70.0,1013.5,0,normal,1,0.08103417710052557,0,81.8,NORMAL,Sensor readings appear consistent with the learned normal pattern.
INM00043278,2026-02-09 18:00:00,24.5,73.0,1013.8,0,normal,1,0.07939716567780247,0,81.3,NORMAL,Sensor readings appear consistent with the learned normal pattern.
INM00043278,2026-02-10 00:00:00,22.0,86.0,1012.6,0,normal,1,0.0358997155898258,0,69.2,NORMAL,Sensor readings appear consistent with the learned normal pattern.
INM00043278,2026-02-10 03:00:00,23.7,83.0,1015.0,0,normal,1,0.07063967563793261,0,78.9,NORMAL,Sensor readings appear consistent with the learned normal pattern.
INM00043278,2026-02-10 06:00:00,29.5,51.0,1015.0,0,normal,1,0.018547524014958072,0,64.4,NORMAL,Sensor readings appear consistent with the learned normal pattern.
INM00043278,2026-02-10 09:00:00,44.1,55.0,1013.0,1,temperature_spike,-1,-0.08823498485466286,1,34.6,WARNING,"The combination of temperature, humidity and pressure differs significantly from the learned normal pattern."
INM00043278,2026-02-10 12:00:00,27.6,61.0,1013.1,0,normal,1,0.08032485992698568,0,81.6,NORMAL,Sensor readings appear consistent with the learned normal pattern.
INM00043278,2026-02-10 15:00:00,25.8,66.0,1015.4,0,normal,1,0.06663849661973215,0,77.8,NORMAL,Sensor readings appear consistent with the learned normal pattern.
INM00043278,2026-02-10 18:00:00,25.0,68.0,1016.0,0,normal,1,0.053858435445117814,0,74.2,NORMAL,Sensor readings appear consistent with the learned normal pattern.
INM00043278,2026-02-11 00:00:00,21.7,84.0,1014.4,0,normal,1,0.02562820304928437,0,66.3,NORMAL,Sensor readings appear consistent with the learned normal pattern.
INM00043278,2026-02-11 03:00:00,23.8,75.0,1017.0,0,normal,1,0.02636052533454014,0,66.5,NORMAL,Sensor readings appear consistent with the learned normal pattern.
INM00043278,2026-02-11 06:00:00,27.7,49.0,1016.9,0,normal,-1,-0.05438423075247867,1,44.0,SUSPICIOUS,"The combination of temperature, humidity and pressure differs significantly from the learned normal pattern."
INM00043278,2026-02-11 09:00:00,27.4,55.0,1014.0,0,normal,1,0.04534475070975563,0,71.8,NORMAL,Sensor readings appear consistent with the learned normal pattern.
INM00043278,2026-02-11 12:00:00,26.0,63.0,1013.3,0,normal,1,0.06168302373855533,0,76.4,NORMAL,Sensor readings appear consistent with the learned normal pattern.
INM00043278,2026-02-11 15:00:00,25.0,65.0,1016.0,0,normal,1,0.03705508829366855,0,69.5,NORMAL,Sensor readings appear consistent with the learned normal pattern.
INM00043278,2026-02-11 18:00:00,24.7,66.0,1016.1,0,normal,1,0.04056091415897156,0,70.5,NORMAL,Sensor readings appear consistent with the learned normal pattern.
INM00043278,2026-02-12 00:00:00,22.0,81.0,1014.3,0,normal,1,0.03233694352769101,0,68.2,NORMAL,Sensor readings appear consistent with the learned normal pattern.
INM00043278,2026-02-12 03:00:00,24.5,71.0,1015.7,0,normal,1,0.055877454455353026,0,74.8,NORMAL,Sensor readings appear consistent with the learned normal pattern.
INM00043278,2026-02-12 06:00:00,29.6,54.0,1015.2,0,normal,1,0.038704051232598846,0,70.0,NORMAL,Sensor readings appear consistent with the learned normal pattern.
INM00043278,2026-02-12 09:00:00,29.5,54.0,1012.4,0,normal,1,0.07403470089516828,0,79.8,NORMAL,Sensor readings appear consistent with the learned normal pattern.
INM00043278,2026-02-12 12:00:00,27.1,65.0,1012.8,0,normal,1,0.09174092288705044,0,84.8,NORMAL,Sensor readings appear consistent with the learned normal pattern.
INM00043278,2026-02-12 15:00:00,25.6,72.0,1014.8,0,normal,1,0.08832159188730743,0,83.8,NORMAL,Sensor readings appear consistent with the learned normal pattern.
INM00043278,2026-02-12 18:00:00,25.2,76.0,1014.4,0,normal,1,0.09892636722313974,0,86.8,NORMAL,Sensor readings appear consistent with the learned normal pattern.
INM00043278,2026-02-13 00:00:00,22.7,86.0,1013.0,0,normal,1,0.06598825230300842,0,77.6,NORMAL,Sensor readings appear consistent with the learned normal pattern.
INM00043278,2026-02-13 03:00:00,25.0,76.0,1015.1,0,normal,1,0.09363894136590645,0,85.3,NORMAL,Sensor readings appear consistent with the learned normal pattern.
INM00043278,2026-02-13 06:00:00,29.5,55.0,1014.8,0,normal,1,0.0560357216647181,0,74.8,NORMAL,Sensor readings appear consistent with the learned normal pattern.
INM00043278,2026-02-13 09:00:00,30.6,58.0,1011.8,0,normal,1,0.09073219316380021,0,84.5,NORMAL,Sensor readings appear consistent with the learned normal pattern.
INM00043278,2026-02-13 12:00:00,28.2,70.0,1011.9,0,normal,1,0.11082976184370125,0,90.1,NORMAL,Sensor readings appear consistent with the learned normal pattern.
INM00043278,2026-02-13 15:00:00,26.0,77.0,1012.2,0,normal,1,0.10945593690296523,0,89.7,NORMAL,Sensor readings appear consistent with the learned normal pattern.
INM00043278,2026-02-13 18:00:00,25.7,80.0,1012.7,0,normal,1,0.11366916871216426,0,90.9,NORMAL,Sensor readings appear consistent with the learned normal pattern.
INM00043278,2026-02-14 00:00:00,23.5,88.0,1012.4,0,normal,1,0.0732971239015826,0,79.6,NORMAL,Sensor readings appear consistent with the learned normal pattern.
INM00043278,2026-02-14 03:00:00,25.0,83.0,1014.7,0,normal,1,0.09260121032447405,0,85.0,NORMAL,Sensor readings appear consistent with the learned normal pattern.
INM00043278,2026-02-14 06:00:00,29.7,56.0,1014.1,0,normal,1,0.07012401553095937,0,78.7,NORMAL,Sensor readings appear consistent with the learned normal pattern.
INM00043278,2026-02-14 09:00:00,29.7,64.0,1011.9,0,normal,1,0.1132315311528464,0,90.8,NORMAL,Sensor readings appear consistent with the learned normal pattern.
INM00043278,2026-02-14 12:00:00,28.0,70.0,1011.6,0,normal,1,0.10936739594068268,0,89.7,NORMAL,Sensor readings appear consistent with the learned normal pattern.
INM00043278,2026-02-14 15:00:00,25.7,81.0,1012.8,0,normal,1,0.11389157169516295,0,91.0,NORMAL,Sensor readings appear consistent with the learned normal pattern.
INM00043278,2026-02-14 18:00:00,25.0,83.0,1013.5,0,normal,1,0.09943558977199574,0,86.9,NORMAL,Sensor readings appear consistent with the learned normal pattern.
INM00043278,2026-02-15 03:00:00,25.0,87.0,1013.9,0,normal,1,0.08963841693258118,0,84.2,NORMAL,Sensor readings appear consistent with the learned normal pattern.
INM00043278,2026-02-15 06:00:00,30.2,52.0,1014.0,0,normal,1,0.034698717883235364,0,68.9,NORMAL,Sensor readings appear consistent with the learned normal pattern.
INM00043278,2026-02-15 09:00:00,30.8,55.0,1011.5,0,normal,1,0.07726341818801902,0,80.7,NORMAL,Sensor readings appear consistent with the learned normal pattern.
INM00043278,2026-02-15 12:00:00,28.2,66.0,1010.8,0,normal,1,0.10428749919419611,0,88.3,NORMAL,Sensor readings appear consistent with the learned normal pattern.
INM00043278,2026-02-15 15:00:00,26.0,80.0,1012.3,0,normal,1,0.11334704580998867,0,90.8,NORMAL,Sensor readings appear consistent with the learned normal pattern.
INM00043278,2026-02-15 18:00:00,25.0,84.0,1012.5,0,normal,1,0.10626960057387436,0,88.8,NORMAL,Sensor readings appear consistent with the learned normal pattern.
INM00043278,2026-02-16 00:00:00,22.0,93.0,1010.6,0,normal,1,0.0008332702386527613,0,59.4,NORMAL,Sensor readings appear consistent with the learned normal pattern.
INM00043278,2026-02-16 03:00:00,24.7,88.0,1013.3,0,normal,1,0.08200500800877053,0,82.1,NORMAL,Sensor readings appear consistent with the learned normal pattern.
INM00043278,2026-02-16 06:00:00,29.6,62.0,1012.9,1,temperature_stuck,1,0.10282710695910802,0,87.9,NORMAL,Sensor readings appear consistent with the learned normal pattern.
INM00043278,2026-02-16 12:00:00,29.6,68.0,1009.8,1,temperature_stuck,1,0.12530093581680546,0,94.1,NORMAL,Sensor readings appear consistent with the learned normal pattern.
INM00043278,2026-02-16 15:00:00,29.6,76.0,1011.8,1,temperature_stuck,1,0.1277383361304681,0,94.8,NORMAL,Sensor readings appear consistent with the learned normal pattern.
INM00043278,2026-02-16 18:00:00,29.6,80.0,1012.1,1,temperature_stuck,1,0.12103155439833524,0,92.9,NORMAL,Sensor readings appear consistent with the learned normal pattern.
INM00043278,2026-02-17 00:00:00,29.6,87.0,1010.5,1,temperature_stuck,1,0.1037258250135219,0,88.1,NORMAL,Sensor readings appear consistent with the learned normal pattern.
INM00043278,2026-02-17 03:00:00,29.6,80.0,1013.1,1,temperature_stuck,1,0.10842645651270383,0,89.4,NORMAL,Sensor readings appear consistent with the learned normal pattern.
INM00043278,2026-02-17 06:00:00,29.6,63.0,1013.3,1,temperature_stuck,1,0.0993206299313259,0,86.9,NORMAL,Sensor readings appear consistent with the learned normal pattern.
INM00043278,2026-02-17 09:00:00,29.6,59.0,1011.3,1,temperature_stuck,1,0.09523156432208196,0,85.8,NORMAL,Sensor readings appear consistent with the learned normal pattern.
INM00043278,2026-02-17 12:00:00,29.6,62.0,1011.7,1,temperature_stuck,1,0.10694954801808554,0,89.0,NORMAL,Sensor readings appear consistent with the learned normal pattern.
INM00043278,2026-02-17 15:00:00,29.6,69.0,1013.0,1,temperature_stuck,1,0.10469408380449818,0,88.4,NORMAL,Sensor readings appear consistent with the learned normal pattern.
INM00043278,2026-02-17 18:00:00,29.6,73.0,1012.8,1,temperature_stuck,1,0.11188911496275128,0,90.4,NORMAL,Sensor readings appear consistent with the learned normal pattern.
INM00043278,2026-02-18 00:00:00,29.6,85.0,1011.1,1,temperature_stuck,1,0.1106110661694431,0,90.0,NORMAL,Sensor readings appear consistent with the learned normal pattern.
INM00043278,2026-02-18 03:00:00,29.6,82.0,1013.6,1,temperature_stuck,1,0.09177212185924438,0,84.8,NORMAL,Sensor readings appear consistent with the learned normal pattern.
INM00043278,2026-02-18 06:00:00,29.6,60.0,1013.2,1,temperature_stuck,1,0.09704244741635343,0,86.3,NORMAL,Sensor readings appear consistent with the learned normal pattern.
INM00043278,2026-02-18 09:00:00,29.6,62.0,1010.6,1,temperature_stuck,1,0.1056885137737118,0,88.7,NORMAL,Sensor readings appear consistent with the learned normal pattern.
INM00043278,2026-02-18 12:00:00,29.6,67.0,1010.4,1,temperature_stuck,1,0.12350802116956833,0,93.6,NORMAL,Sensor readings appear consistent with the learned normal pattern.
INM00043278,2026-02-18 15:00:00,26.1,80.0,1012.3,0,normal,1,0.11430984707490793,0,91.1,NORMAL,Sensor readings appear consistent with the learned normal pattern.
INM00043278,2026-02-18 18:00:00,25.6,79.0,1012.6,0,normal,1,0.11064762808331374,0,90.1,NORMAL,Sensor readings appear consistent with the learned normal pattern.
INM00043278,2026-02-19 00:00:00,24.1,86.0,1011.3,0,normal,1,0.08351780085414479,0,82.5,NORMAL,Sensor readings appear consistent with the learned normal pattern.
INM00043278,2026-02-19 03:00:00,26.2,75.0,1013.3,0,normal,1,0.10494912533293521,0,88.5,NORMAL,Sensor readings appear consistent with the learned normal pattern.
INM00043278,2026-02-19 06:00:00,29.5,68.0,1013.6,0,normal,1,0.09979383324001373,0,87.0,NORMAL,Sensor readings appear consistent with the learned normal pattern.
INM00043278,2026-02-19 09:00:00,29.6,69.0,1010.8,0,normal,1,0.12054854597997405,0,92.8,NORMAL,Sensor readings appear consistent with the learned normal pattern.
INM00043278,2026-02-19 12:00:00,28.0,75.0,1011.3,0,normal,1,0.1236363699957706,0,93.7,NORMAL,Sensor readings appear consistent with the learned normal pattern.
INM00043278,2026-02-19 15:00:00,26.7,79.0,1013.2,0,normal,1,0.11445530300807871,0,91.1,NORMAL,Sensor readings appear consistent with the learned normal pattern.
INM00043278,2026-02-19 18:00:00,26.5,84.0,1013.7,0,normal,1,0.10443913138897903,0,88.3,NORMAL,Sensor readings appear consistent with the learned normal pattern.
INM00043278,2026-02-20 00:00:00,24.7,89.0,1012.3,0,normal,1,0.08389984282819957,0,82.6,NORMAL,Sensor readings appear consistent with the learned normal pattern.
INM00043278,2026-02-20 03:00:00,26.0,86.0,1013.9,0,normal,1,0.094378025340003,0,85.5,NORMAL,Sensor readings appear consistent with the learned normal pattern.
INM00043278,2026-02-20 06:00:00,30.2,64.0,1014.4,0,normal,1,0.08287144224867088,0,82.3,NORMAL,Sensor readings appear consistent with the learned normal pattern.
INM00043278,2026-02-20 09:00:00,31.4,60.0,1010.6,0,normal,1,0.10296137475548289,0,87.9,NORMAL,Sensor readings appear consistent with the learned normal pattern.
INM00043278,2026-02-20 12:00:00,28.7,74.0,1010.2,0,normal,1,0.12422790697911401,0,93.8,NORMAL,Sensor readings appear consistent with the learned normal pattern.
INM00043278,2026-02-20 15:00:00,27.5,81.0,1012.8,0,normal,1,0.11813618880167004,0,92.1,NORMAL,Sensor readings appear consistent with the learned normal pattern.
INM00043278,2026-02-20 18:00:00,26.7,86.0,1012.7,0,normal,1,0.10744115111010932,0,89.2,NORMAL,Sensor readings appear consistent with the learned normal pattern.
INM00043278,2026-02-21 00:00:00,25.0,93.0,1010.2,0,normal,1,0.06455971881663292,0,77.2,NORMAL,Sensor readings appear consistent with the learned normal pattern.
INM00043278,2026-02-21 03:00:00,26.0,88.0,1012.0,0,normal,1,0.09910057617784773,0,86.8,NORMAL,Sensor readings appear consistent with the learned normal pattern.
INM00043278,2026-02-21 06:00:00,30.2,72.0,1011.5,0,normal,1,0.11800758051497745,0,92.1,NORMAL,Sensor readings appear consistent with the learned normal pattern.
INM00043278,2026-02-21 09:00:00,31.0,68.0,1007.7,0,normal,1,0.13359274301697338,0,96.5,NORMAL,Sensor readings appear consistent with the learned normal pattern.
INM00043278,2026-02-21 12:00:00,28.7,77.0,1007.9,0,normal,1,0.13076023384632673,0,95.7,NORMAL,Sensor readings appear consistent with the learned normal pattern.
INM00043278,2026-02-21 15:00:00,27.5,86.0,1009.5,0,normal,1,0.11665173706125287,0,91.7,NORMAL,Sensor readings appear consistent with the learned normal pattern.
INM00043278,2026-02-21 18:00:00,27.0,87.0,1009.7,0,normal,1,0.10999960661500202,0,89.9,NORMAL,Sensor readings appear consistent with the learned normal pattern.
INM00043278,2026-02-22 00:00:00,25.7,94.0,1007.2,0,normal,1,0.04944292222317043,0,73.0,NORMAL,Sensor readings appear consistent with the learned normal pattern.
INM00043278,2026-02-22 03:00:00,27.0,86.0,1009.1,0,normal,1,0.1122065109790018,0,90.5,NORMAL,Sensor readings appear consistent with the learned normal pattern.
INM00043278,2026-02-22 06:00:00,30.7,65.0,1008.4,0,normal,1,0.12697611343452092,0,94.6,NORMAL,Sensor readings appear consistent with the learned normal pattern.
INM00043278,2026-02-22 09:00:00,31.2,66.0,1006.9,0,normal,1,0.13213425327229877,0,96.0,NORMAL,Sensor readings appear consistent with the learned normal pattern.
INM00043278,2026-02-22 12:00:00,28.6,78.0,1006.2,0,normal,1,0.12584877116408366,0,94.3,NORMAL,Sensor readings appear consistent with the learned normal pattern.
INM00043278,2026-02-22 15:00:00,27.2,83.0,1008.5,0,normal,1,0.11659298449946226,0,91.7,NORMAL,Sensor readings appear consistent with the learned normal pattern.
INM00043278,2026-02-22 18:00:00,26.7,86.0,1008.9,0,normal,1,0.11128486822672429,0,90.2,NORMAL,Sensor readings appear consistent with the learned normal pattern.
INM00043278,2026-02-23 00:00:00,25.2,93.0,1007.3,0,normal,1,0.05655209718485432,0,75.0,NORMAL,Sensor readings appear consistent with the learned normal pattern.
INM00043278,2026-02-23 03:00:00,26.5,88.0,1009.5,0,normal,1,0.10442377359309202,0,88.3,NORMAL,Sensor readings appear consistent with the learned normal pattern.
INM00043278,2026-02-23 06:00:00,31.6,61.0,1009.5,0,normal,1,0.1084004336017752,0,89.4,NORMAL,Sensor readings appear consistent with the learned normal pattern.
INM00043278,2026-02-23 09:00:00,31.2,66.0,1005.9,0,normal,1,0.1276743204781169,0,94.8,NORMAL,Sensor readings appear consistent with the learned normal pattern.
INM00043278,2026-02-23 12:00:00,28.7,77.0,1006.4,0,normal,1,0.12701604748123646,0,94.6,NORMAL,Sensor readings appear consistent with the learned normal pattern.
INM00043278,2026-02-23 15:00:00,26.7,86.0,1008.4,0,normal,1,0.10933448026846032,0,89.7,NORMAL,Sensor readings appear consistent with the learned normal pattern.
INM00043278,2026-02-23 18:00:00,26.5,85.0,1008.6,0,normal,1,0.10730205103530038,0,89.1,NORMAL,Sensor readings appear consistent with the learned normal pattern.
INM00043278,2026-02-24 00:00:00,25.5,90.0,1007.5,0,normal,1,0.07320927250146625,0,79.6,NORMAL,Sensor readings appear consistent with the learned normal pattern.
INM00043278,2026-02-24 03:00:00,27.0,84.0,1011.2,0,normal,1,0.11693257279431529,0,91.8,NORMAL,Sensor readings appear consistent with the learned normal pattern.
INM00043278,2026-02-24 06:00:00,29.6,69.0,1011.0,0,normal,1,0.11875173729924576,0,92.3,NORMAL,Sensor readings appear consistent with the learned normal pattern.
INM00043278,2026-02-24 09:00:00,31.2,60.0,1007.8,0,normal,1,0.1133760498548782,0,90.8,NORMAL,Sensor readings appear consistent with the learned normal pattern.
INM00043278,2026-02-24 12:00:00,29.1,73.0,1008.2,0,normal,1,0.13034323665429903,0,95.5,NORMAL,Sensor readings appear consistent with the learned normal pattern.
INM00043278,2026-02-24 15:00:00,27.1,84.0,1010.0,0,normal,1,0.11781638674375544,0,92.1,NORMAL,Sensor readings appear consistent with the learned normal pattern.
INM00043278,2026-02-25 00:00:00,24.5,92.0,1009.7,0,normal,1,0.0653777705073198,0,77.4,NORMAL,Sensor readings appear consistent with the learned normal pattern.
INM00043278,2026-02-25 03:00:00,27.0,84.0,1012.2,0,normal,1,0.11476774482819718,0,91.2,NORMAL,Sensor readings appear consistent with the learned normal pattern.
INM00043278,2026-02-25 06:00:00,29.5,71.0,1012.1,0,normal,1,0.11385854758226699,0,90.9,NORMAL,Sensor readings appear consistent with the learned normal pattern.
INM00043278,2026-02-25 09:00:00,31.2,66.0,1009.1,0,normal,1,0.12650789177334099,0,94.5,NORMAL,Sensor readings appear consistent with the learned normal pattern.
INM00043278,2026-02-25 12:00:00,28.7,77.0,1009.9,0,normal,1,0.1309159136215447,0,95.7,NORMAL,Sensor readings appear consistent with the learned normal pattern.
INM00043278,2026-02-25 15:00:00,27.0,86.0,1011.5,0,normal,1,0.1110065804332061,0,90.2,NORMAL,Sensor readings appear consistent with the learned normal pattern.
INM00043278,2026-02-25 18:00:00,25.7,89.0,1011.7,0,normal,1,0.0899820691209049,0,84.3,NORMAL,Sensor readings appear consistent with the learned normal pattern.
INM00043278,2026-02-26 00:00:00,24.5,94.0,1010.4,0,normal,1,0.0531182463819333,0,74.0,NORMAL,Sensor readings appear consistent with the learned normal pattern.
INM00043278,2026-02-26 06:00:00,31.0,66.0,1010.9,0,normal,1,0.1145965555577253,0,91.2,NORMAL,Sensor readings appear consistent with the learned normal pattern.
INM00043278,2026-02-26 09:00:00,31.5,62.0,1008.2,0,normal,1,0.12238268126787477,0,93.3,NORMAL,Sensor readings appear consistent with the learned normal pattern.
INM00043278,2026-02-26 12:00:00,29.2,70.0,1008.1,0,normal,1,0.12687672244702097,0,94.6,NORMAL,Sensor readings appear consistent with the learned normal pattern.
INM00043278,2026-02-26 15:00:00,27.2,80.0,1009.4,0,normal,1,0.11609880526420863,0,91.6,NORMAL,Sensor readings appear consistent with the learned normal pattern.
INM00043278,2026-02-26 18:00:00,26.2,84.0,1009.2,0,normal,1,0.10509437417321021,0,88.5,NORMAL,Sensor readings appear consistent with the learned normal pattern.
INM00043278,2026-02-27 00:00:00,24.5,91.0,1007.7,0,normal,1,0.05637864066604331,0,74.9,NORMAL,Sensor readings appear consistent with the learned normal pattern.
INM00043278,2026-02-27 03:00:00,26.3,84.0,1010.0,0,normal,1,0.11049789471679627,0,90.0,NORMAL,Sensor readings appear consistent with the learned normal pattern.
INM00043278,2026-02-27 06:00:00,31.2,60.0,1009.6,0,normal,1,0.10613593053374892,0,88.8,NORMAL,Sensor readings appear consistent with the learned normal pattern.
INM00043278,2026-02-27 09:00:00,31.2,61.0,1006.9,0,normal,1,0.1151136813867717,0,91.3,NORMAL,Sensor readings appear consistent with the learned normal pattern.
INM00043278,2026-02-27 12:00:00,29.0,78.0,1006.7,0,normal,1,0.13493833469029393,0,96.8,NORMAL,Sensor readings appear consistent with the learned normal pattern.
INM00043278,2026-02-27 15:00:00,27.2,81.0,1008.0,0,normal,1,0.11277634635131467,0,90.6,NORMAL,Sensor readings appear consistent with the learned normal pattern.
INM00043278,2026-02-27 18:00:00,26.5,84.0,1008.2,0,normal,1,0.1070344152979526,0,89.0,NORMAL,Sensor readings appear consistent with the learned normal pattern.
INM00043278,2026-02-28 00:00:00,25.0,92.0,1007.3,0,normal,1,0.05735908518652805,0,75.2,NORMAL,Sensor readings appear consistent with the learned normal pattern.
INM00043278,2026-02-28 03:00:00,51.6,86.0,1009.9,1,temperature_spike,-1,-0.1336953786234587,1,21.9,WARNING,Anomaly detected because temperature is unusually high.
INM00043278,2026-02-28 06:00:00,31.6,52.0,1009.5,0,normal,1,0.06811806757377326,0,78.2,NORMAL,Sensor readings appear consistent with the learned normal pattern.
INM00043278,2026-02-28 09:00:00,31.7,48.0,1007.3,0,normal,1,0.02635712105545107,0,66.5,NORMAL,Sensor readings appear consistent with the learned normal pattern.
INM00043278,2026-02-28 12:00:00,29.5,63.0,1007.2,0,normal,1,0.10904486766842508,0,89.6,NORMAL,Sensor readings appear consistent with the learned normal pattern.
INM00043278,2026-02-28 15:00:00,27.5,82.0,1008.7,0,normal,1,0.12015029534727006,0,92.7,NORMAL,Sensor readings appear consistent with the learned normal pattern.
INM00043278,2026-02-28 18:00:00,26.5,87.0,1008.6,0,normal,1,0.10305616974737397,0,87.9,NORMAL,Sensor readings appear consistent with the learned normal pattern.
INM00043278,2026-03-01 00:00:00,24.5,94.0,1007.6,0,normal,1,0.03703621821425118,0,69.5,NORMAL,Sensor readings appear consistent with the learned normal pattern.
INM00043278,2026-03-01 03:00:00,26.2,90.0,1010.2,0,normal,1,0.09429512963426234,0,85.5,NORMAL,Sensor readings appear consistent with the learned normal pattern.
INM00043278,2026-03-01 06:00:00,32.2,54.0,1009.9,0,normal,1,0.07116399850216587,0,79.0,NORMAL,Sensor readings appear consistent with the learned normal pattern.
INM00043278,2026-03-01 09:00:00,31.5,61.0,1008.4,0,normal,1,0.11628868301535689,0,91.6,NORMAL,Sensor readings appear consistent with the learned normal pattern.
INM00043278,2026-03-01 12:00:00,29.2,76.0,1008.3,0,normal,1,0.136808696616131,0,97.4,NORMAL,Sensor readings appear consistent with the learned normal pattern.
INM00043278,2026-03-01 15:00:00,27.2,83.0,1009.9,0,normal,1,0.11808480533011834,0,92.1,NORMAL,Sensor readings appear consistent with the learned normal pattern.
INM00043278,2026-03-02 00:00:00,24.2,95.0,1009.2,0,normal,1,0.03731731814682532,0,69.6,NORMAL,Sensor readings appear consistent with the learned normal pattern.
INM00043278,2026-03-02 03:00:00,26.2,86.0,1011.6,0,normal,1,0.10566740365592758,0,88.7,NORMAL,Sensor readings appear consistent with the learned normal pattern.
INM00043278,2026-03-02 06:00:00,31.5,51.0,1012.0,0,normal,1,0.043460364593308765,0,71.3,NORMAL,Sensor readings appear consistent with the learned normal pattern.
INM00043278,2026-03-02 12:00:00,29.6,69.0,1008.9,0,normal,1,0.12608978396653125,0,94.4,NORMAL,Sensor readings appear consistent with the learned normal pattern.
INM00043278,2026-03-02 15:00:00,27.0,78.0,1010.6,0,normal,1,0.11909705109917068,0,92.4,NORMAL,Sensor readings appear consistent with the learned normal pattern.
INM00043278,2026-03-03 00:00:00,23.2,93.0,1009.7,0,normal,1,0.03280214287405997,0,68.3,NORMAL,Sensor readings appear consistent with the learned normal pattern.
INM00043278,2026-03-03 03:00:00,26.2,81.0,1012.2,0,normal,1,0.11459386904517965,0,91.2,NORMAL,Sensor readings appear consistent with the learned normal pattern.
INM00043278,2026-03-03 06:00:00,31.5,51.0,1012.1,0,normal,1,0.043072721801196034,0,71.2,NORMAL,Sensor readings appear consistent with the learned normal pattern.
INM00043278,2026-03-03 09:00:00,31.2,57.0,1009.5,0,normal,1,0.0991398266957198,0,86.8,NORMAL,Sensor readings appear consistent with the learned normal pattern.
INM00043278,2026-03-03 12:00:00,29.0,67.0,1009.9,0,normal,1,0.11801760279490309,0,92.1,NORMAL,Sensor readings appear consistent with the learned normal pattern.
INM00043278,2026-03-03 15:00:00,27.0,86.0,1011.6,0,normal,1,0.10830728839616871,0,89.4,NORMAL,Sensor readings appear consistent with the learned normal pattern.
INM00043278,2026-03-04 00:00:00,23.7,92.0,1010.4,0,normal,1,0.05203519774881571,0,73.7,NORMAL,Sensor readings appear consistent with the learned normal pattern.
INM00043278,2026-03-04 03:00:00,26.6,80.0,1013.1,0,normal,1,0.11258648268747995,0,90.6,NORMAL,Sensor readings appear consistent with the learned normal pattern.
INM00043278,2026-03-04 06:00:00,31.6,47.0,1013.2,0,normal,-1,-0.01246644406381503,1,55.7,SUSPICIOUS,"The combination of temperature, humidity and pressure differs significantly from the learned normal pattern."
INM00043278,2026-03-04 09:00:00,31.7,49.0,1010.3,0,normal,1,0.028259708667805472,0,67.1,NORMAL,Sensor readings appear consistent with the learned normal pattern.
INM00043278,2026-03-04 12:00:00,29.7,60.0,1009.4,0,normal,1,0.0987114751405253,0,86.7,NORMAL,Sensor readings appear consistent with the learned normal pattern.
INM00043278,2026-03-04 15:00:00,27.2,75.0,1011.5,0,normal,1,0.11877494430932606,0,92.3,NORMAL,Sensor readings appear consistent with the learned normal pattern.
INM00043278,2026-03-05 00:00:00,24.6,90.0,1010.6,0,normal,1,0.07848186057780648,0,81.1,NORMAL,Sensor readings appear consistent with the learned normal pattern.
INM00043278,2026-03-05 03:00:00,27.2,80.0,1012.1,0,normal,1,0.1206866663286083,0,92.9,NORMAL,Sensor readings appear consistent with the learned normal pattern.
INM00043278,2026-03-05 06:00:00,32.7,50.0,1010.8,0,normal,1,0.02297299429600752,0,65.6,NORMAL,Sensor readings appear consistent with the learned normal pattern.
INM00043278,2026-03-05 09:00:00,34.7,50.0,1007.4,0,normal,1,0.04152067752553157,0,70.8,NORMAL,Sensor readings appear consistent with the learned normal pattern.
INM00043278,2026-03-05 12:00:00,30.7,61.0,1006.7,0,normal,1,0.1083806290793578,0,89.4,NORMAL,Sensor readings appear consistent with the learned normal pattern.
INM00043278,2026-03-05 15:00:00,28.0,82.0,1008.9,0,normal,1,0.1221023975392787,0,93.2,NORMAL,Sensor readings appear consistent with the learned normal pattern.
INM00043278,2026-03-06 00:00:00,25.5,88.0,1007.9,0,normal,1,0.08418988460513521,0,82.7,NORMAL,Sensor readings appear consistent with the learned normal pattern.
INM00043278,2026-03-06 03:00:00,27.0,70.0,1010.4,0,normal,1,0.10158880047365204,0,87.5,NORMAL,Sensor readings appear consistent with the learned normal pattern.
INM00043278,2026-03-06 06:00:00,34.5,31.0,1010.0,0,normal,-1,-0.06974167827973987,1,39.7,WARNING,"The combination of temperature, humidity and pressure differs significantly from the learned normal pattern."
INM00043278,2026-03-06 09:00:00,33.0,51.0,1006.9,0,normal,1,0.05893547271993449,0,75.6,NORMAL,Sensor readings appear consistent with the learned normal pattern.
INM00043278,2026-03-06 12:00:00,30.5,61.0,1006.2,0,normal,1,0.10357660894436083,0,88.1,NORMAL,Sensor readings appear consistent with the learned normal pattern.
INM00043278,2026-03-06 15:00:00,28.0,82.0,1007.8,0,normal,1,0.12142463539932369,0,93.1,NORMAL,Sensor readings appear consistent with the learned normal pattern.
INM00043278,2026-03-07 00:00:00,25.5,91.0,1008.4,0,normal,1,0.07970064333483207,0,81.4,NORMAL,Sensor readings appear consistent with the learned normal pattern.
INM00043278,2026-03-07 03:00:00,27.4,80.0,1010.9,0,normal,1,0.12254602880363086,0,93.4,NORMAL,Sensor readings appear consistent with the learned normal pattern.
INM00043278,2026-03-07 06:00:00,32.2,59.0,1010.3,0,normal,1,0.08661141297470537,0,83.3,NORMAL,Sensor readings appear consistent with the learned normal pattern.
INM00043278,2026-03-07 09:00:00,31.3,65.0,1008.3,0,normal,1,0.1306014484149215,0,95.6,NORMAL,Sensor readings appear consistent with the learned normal pattern.
INM00043278,2026-03-07 12:00:00,28.7,78.0,1008.0,0,normal,1,0.13100522579415802,0,95.7,NORMAL,Sensor readings appear consistent with the learned normal pattern.
INM00043278,2026-03-07 15:00:00,27.6,81.0,1010.0,0,normal,1,0.12323312424282523,0,93.6,NORMAL,Sensor readings appear consistent with the learned normal pattern.
INM00043278,2026-03-08 00:00:00,25.0,93.0,1009.7,0,normal,1,0.06368353963130174,0,77.0,NORMAL,Sensor readings appear consistent with the learned normal pattern.
INM00043278,2026-03-08 03:00:00,27.4,81.0,1011.8,0,normal,1,0.12299695431164243,0,93.5,NORMAL,Sensor readings appear consistent with the learned normal pattern.
INM00043278,2026-03-08 06:00:00,31.6,59.0,1011.2,0,normal,1,0.08933992290110371,0,84.1,NORMAL,Sensor readings appear consistent with the learned normal pattern.
INM00043278,2026-03-08 09:00:00,31.2,64.0,1008.5,0,normal,1,0.1276690542342152,0,94.8,NORMAL,Sensor readings appear consistent with the learned normal pattern.
INM00043278,2026-03-08 15:00:00,27.7,79.0,1010.9,0,normal,1,0.12490682413113535,0,94.0,NORMAL,Sensor readings appear consistent with the learned normal pattern.
INM00043278,2026-03-09 00:00:00,26.0,89.0,1010.4,0,normal,1,0.09805359426800575,0,86.5,NORMAL,Sensor readings appear consistent with the learned normal pattern.
INM00043278,2026-03-09 03:00:00,27.6,81.0,1012.4,0,normal,1,0.11757842000892993,0,92.0,NORMAL,Sensor readings appear consistent with the learned normal pattern.
INM00043278,2026-03-09 06:00:00,30.7,62.0,1012.5,0,normal,1,0.09398872882213277,0,85.4,NORMAL,Sensor readings appear consistent with the learned normal pattern.
INM00043278,2026-03-09 09:00:00,30.4,64.0,1010.7,0,normal,1,0.11348888664476031,0,90.8,NORMAL,Sensor readings appear consistent with the learned normal pattern.
INM00043278,2026-03-09 12:00:00,29.2,71.0,1010.0,0,normal,1,0.12473968174877909,0,94.0,NORMAL,Sensor readings appear consistent with the learned normal pattern.
INM00043278,2026-03-09 15:00:00,27.1,88.0,1012.0,1,humidity_spike,1,0.10057468387350088,0,87.2,NORMAL,Sensor readings appear consistent with the learned normal pattern.
INM00043278,2026-03-10 00:00:00,24.2,92.0,1011.9,0,normal,1,0.06521380785232123,0,77.4,NORMAL,Sensor readings appear consistent with the learned normal pattern.
INM00043278,2026-03-10 03:00:00,28.5,67.0,1014.3,0,normal,1,0.08597037919474448,0,83.2,NORMAL,Sensor readings appear consistent with the learned normal pattern.
INM00043278,2026-03-10 06:00:00,30.6,64.0,1014.5,0,normal,1,0.07614426014248493,0,80.4,NORMAL,Sensor readings appear consistent with the learned normal pattern.
INM00043278,2026-03-10 09:00:00,31.4,60.0,1012.2,0,normal,1,0.09228499224729836,0,84.9,NORMAL,Sensor readings appear consistent with the learned normal pattern.
INM00043278,2026-03-10 12:00:00,29.0,67.0,1011.7,0,normal,1,0.11480522949696526,0,91.2,NORMAL,Sensor readings appear consistent with the learned normal pattern.
INM00043278,2026-03-10 15:00:00,27.0,77.0,1013.2,0,normal,1,0.11421198909610153,0,91.0,NORMAL,Sensor readings appear consistent with the learned normal pattern.
INM00043278,2026-03-11 00:00:00,23.7,92.0,1012.6,0,normal,1,0.055831688306583416,0,74.8,NORMAL,Sensor readings appear consistent with the learned normal pattern.
INM00043278,2026-03-11 03:00:00,27.5,78.0,1014.5,0,normal,1,0.10366075432392918,0,88.1,NORMAL,Sensor readings appear consistent with the learned normal pattern.
INM00043278,2026-03-11 06:00:00,31.6,56.0,1013.4,0,normal,1,0.0625118772623483,0,76.6,NORMAL,Sensor readings appear consistent with the learned normal pattern.
INM00043278,2026-03-11 09:00:00,32.0,54.0,1010.5,0,normal,1,0.07460555443461647,0,80.0,NORMAL,Sensor readings appear consistent with the learned normal pattern.
INM00043278,2026-03-11 12:00:00,29.1,73.0,1010.1,0,normal,1,0.12934930852149557,0,95.3,NORMAL,Sensor readings appear consistent with the learned normal pattern.
INM00043278,2026-03-11 15:00:00,27.6,81.0,1011.7,0,normal,1,0.12204561195626629,0,93.2,NORMAL,Sensor readings appear consistent with the learned normal pattern.
INM00043278,2026-03-12 00:00:00,26.0,89.0,1010.1,0,normal,1,0.09921501961385065,0,86.9,NORMAL,Sensor readings appear consistent with the learned normal pattern.
INM00043278,2026-03-12 03:00:00,27.4,83.0,1012.1,0,normal,1,0.11721595500477039,0,91.9,NORMAL,Sensor readings appear consistent with the learned normal pattern.
INM00043278,2026-03-12 06:00:00,31.0,66.0,1011.3,0,normal,1,0.11338717555434702,0,90.8,NORMAL,Sensor readings appear consistent with the learned normal pattern.
INM00043278,2026-03-12 09:00:00,32.0,55.0,1008.0,0,normal,1,0.09420770382928917,0,85.5,NORMAL,Sensor readings appear consistent with the learned normal pattern.
INM00043278,2026-03-12 12:00:00,29.6,70.0,1008.1,0,normal,1,0.13246108546925622,0,96.1,NORMAL,Sensor readings appear consistent with the learned normal pattern.
INM00043278,2026-03-12 15:00:00,27.6,89.0,1009.2,0,normal,1,0.10591203026966844,0,88.7,NORMAL,Sensor readings appear consistent with the learned normal pattern.
INM00043278,2026-03-13 00:00:00,25.5,94.0,1008.6,0,normal,1,0.057719494577312735,0,75.3,NORMAL,Sensor readings appear consistent with the learned normal pattern.
INM00043278,2026-03-13 03:00:00,27.6,83.0,1010.7,0,normal,1,0.11749527641403895,0,92.0,NORMAL,Sensor readings appear consistent with the learned normal pattern.
INM00043278,2026-03-13 06:00:00,31.0,66.0,1010.2,0,normal,1,0.1216516579813165,0,93.1,NORMAL,Sensor readings appear consistent with the learned normal pattern.
INM00043278,2026-03-13 09:00:00,31.0,59.0,1007.6,0,normal,1,0.10819083407600516,0,89.4,NORMAL,Sensor readings appear consistent with the learned normal pattern.
INM00043278,2026-03-13 12:00:00,29.0,74.0,1007.8,0,normal,1,0.13103956817568346,0,95.7,NORMAL,Sensor readings appear consistent with the learned normal pattern.
INM00043278,2026-03-14 00:00:00,25.5,93.0,1009.9,0,normal,1,0.07008453565293171,0,78.7,NORMAL,Sensor readings appear consistent with the learned normal pattern.
INM00043278,2026-03-14 03:00:00,27.6,81.0,1012.4,0,normal,1,0.11757842000892993,0,92.0,NORMAL,Sensor readings appear consistent with the learned normal pattern.
INM00043278,2026-03-14 06:00:00,31.7,63.0,1012.3,0,normal,1,0.09098017133042796,0,84.6,NORMAL,Sensor readings appear consistent with the learned normal pattern.
INM00043278,2026-03-14 09:00:00,31.1,63.0,1009.9,0,normal,1,0.11310509651281925,0,90.7,NORMAL,Sensor readings appear consistent with the learned normal pattern.
INM00043278,2026-03-14 12:00:00,29.1,73.0,1009.2,0,normal,1,0.12833793460783982,0,95.0,NORMAL,Sensor readings appear consistent with the learned normal pattern.
INM00043278,2026-03-14 15:00:00,27.5,81.0,1011.3,0,normal,1,0.12433218265595258,0,93.9,NORMAL,Sensor readings appear consistent with the learned normal pattern.
INM00043278,2026-03-15 00:00:00,25.0,95.0,1011.0,0,normal,1,0.04803635330077877,0,72.6,NORMAL,Sensor readings appear consistent with the learned normal pattern.
INM00043278,2026-03-15 03:00:00,28.0,78.0,1013.2,0,normal,1,0.11589292251911937,0,91.5,NORMAL,Sensor readings appear consistent with the learned normal pattern.
INM00043278,2026-03-15 06:00:00,31.6,59.0,1013.2,0,normal,1,0.0750750767289482,0,80.1,NORMAL,Sensor readings appear consistent with the learned normal pattern.
INM00043278,2026-03-15 09:00:00,32.0,58.0,1010.1,0,normal,1,0.08991370114238845,0,84.3,NORMAL,Sensor readings appear consistent with the learned normal pattern.
INM00043278,2026-03-15 12:00:00,29.2,75.0,1009.4,0,normal,1,0.13071838805721375,0,95.7,NORMAL,Sensor readings appear consistent with the learned normal pattern.
INM00043278,2026-03-15 15:00:00,27.5,84.0,1010.7,0,normal,1,0.11893643945986532,0,92.4,NORMAL,Sensor readings appear consistent with the learned normal pattern.
INM00043278,2026-03-16 00:00:00,25.0,94.0,1010.0,0,normal,1,0.05673389120112471,0,75.0,NORMAL,Sensor readings appear consistent with the learned normal pattern.
INM00043278,2026-03-16 03:00:00,28.0,78.0,1012.9,0,normal,1,0.1167255100783019,0,91.7,NORMAL,Sensor readings appear consistent with the learned normal pattern.
INM00043278,2026-03-16 06:00:00,31.0,62.0,1011.8,0,normal,1,0.10102469433937811,0,87.4,NORMAL,Sensor readings appear consistent with the learned normal pattern.
INM00043278,2026-03-16 09:00:00,31.2,67.0,1008.6,0,normal,1,0.13216970141402523,0,96.1,NORMAL,Sensor readings appear consistent with the learned normal pattern.
INM00043278,2026-03-16 12:00:00,29.5,76.0,1007.9,0,normal,1,0.13897185040757665,0,98.0,NORMAL,Sensor readings appear consistent with the learned normal pattern.
INM00043278,2026-03-16 15:00:00,27.7,80.0,1010.3,0,normal,1,0.12437495468040072,0,93.9,NORMAL,Sensor readings appear consistent with the learned normal pattern.
INM00043278,2026-03-17 00:00:00,25.7,91.0,1009.0,0,normal,1,0.08358447262407692,0,82.5,NORMAL,Sensor readings appear consistent with the learned normal pattern.
INM00043278,2026-03-17 03:00:00,28.8,72.0,1010.9,0,normal,1,0.11895555385193135,0,92.4,NORMAL,Sensor readings appear consistent with the learned normal pattern.
INM00043278,2026-03-17 06:00:00,32.0,53.0,1010.7,0,normal,1,0.061489700598399644,0,76.3,NORMAL,Sensor readings appear consistent with the learned normal pattern.
INM00043278,2026-03-17 09:00:00,31.0,61.0,1008.6,0,normal,1,0.1140323879344936,0,91.0,NORMAL,Sensor readings appear consistent with the learned normal pattern.
INM00043278,2026-03-17 12:00:00,29.0,70.0,1008.5,0,normal,1,0.12331808860797422,0,93.6,NORMAL,Sensor readings appear consistent with the learned normal pattern.
INM00043278,2026-03-17 15:00:00,28.0,74.0,1009.7,0,normal,1,0.12348807771351544,0,93.6,NORMAL,Sensor readings appear consistent with the learned normal pattern.
INM00043278,2026-03-18 00:00:00,26.0,87.0,1010.0,0,normal,1,0.10488521647989152,0,88.4,NORMAL,Sensor readings appear consistent with the learned normal pattern.
INM00043278,2026-03-18 03:00:00,28.5,74.0,1011.3,0,normal,1,0.11808725647270357,0,92.1,NORMAL,Sensor readings appear consistent with the learned normal pattern.
INM00043278,2026-03-18 06:00:00,31.5,57.0,1011.6,0,normal,1,0.08541761366452866,0,83.0,NORMAL,Sensor readings appear consistent with the learned normal pattern.
INM00043278,2026-03-18 09:00:00,30.7,70.0,1009.3,0,normal,1,0.12626538467660653,0,94.4,NORMAL,Sensor readings appear consistent with the learned normal pattern.
INM00043278,2026-03-18 12:00:00,30.0,79.0,1009.1,0,normal,1,0.13448562284014753,0,96.7,NORMAL,Sensor readings appear consistent with the learned normal pattern.
INM00043278,2026-03-18 15:00:00,28.1,81.0,1010.7,0,normal,1,0.12396680394532017,0,93.8,NORMAL,Sensor readings appear consistent with the learned normal pattern.
INM00043278,2026-03-19 00:00:00,22.7,94.0,1010.3,0,normal,1,0.01800984709150588,0,64.2,NORMAL,Sensor readings appear consistent with the learned normal pattern.
INM00043278,2026-03-19 03:00:00,26.2,84.0,1012.3,0,normal,1,0.11392464162122501,0,91.0,NORMAL,Sensor readings appear consistent with the learned normal pattern.
INM00043278,2026-03-19 06:00:00,30.1,69.0,1012.1,0,normal,1,0.11249334795695254,0,90.6,NORMAL,Sensor readings appear consistent with the learned normal pattern.
INM00043278,2026-03-19 09:00:00,30.5,62.0,1009.5,0,normal,1,0.10748617248619075,0,89.2,NORMAL,Sensor readings appear consistent with the learned normal pattern.
INM00043278,2026-03-19 12:00:00,28.5,73.0,1008.7,0,normal,1,0.12240748622990438,0,93.3,NORMAL,Sensor readings appear consistent with the learned normal pattern.
INM00043278,2026-03-19 15:00:00,26.6,81.0,1010.6,0,normal,1,0.11592402166339688,0,91.5,NORMAL,Sensor readings appear consistent with the learned normal pattern.
INM00043278,2026-03-20 00:00:00,25.7,91.0,1009.3,0,normal,1,0.08443218845926681,0,82.7,NORMAL,Sensor readings appear consistent with the learned normal pattern.
INM00043278,2026-03-20 03:00:00,28.0,76.0,1011.4,0,normal,1,0.1269961640784627,0,94.6,NORMAL,Sensor readings appear consistent with the learned normal pattern.
INM00043278,2026-03-20 06:00:00,31.0,63.0,1012.2,0,normal,1,0.09924093465938078,0,86.9,NORMAL,Sensor readings appear consistent with the learned normal pattern.
INM00043278,2026-03-20 09:00:00,31.5,63.0,1008.3,0,normal,1,0.12334633566868203,0,93.6,NORMAL,Sensor readings appear consistent with the learned normal pattern.
INM00043278,2026-03-20 12:00:00,29.7,71.0,1007.6,0,normal,1,0.13387874041996667,0,96.5,NORMAL,Sensor readings appear consistent with the learned normal pattern.
INM00043278,2026-03-20 15:00:00,28.0,78.0,1009.1,0,normal,1,0.1257778018733683,0,94.3,NORMAL,Sensor readings appear consistent with the learned normal pattern.
INM00043278,2026-03-21 00:00:00,26.2,92.0,1009.1,0,normal,1,0.07882752022692951,0,81.2,NORMAL,Sensor readings appear consistent with the learned normal pattern.
INM00043278,2026-03-21 03:00:00,28.9,79.0,1011.9,0,normal,1,0.12387971096392392,0,93.7,NORMAL,Sensor readings appear consistent with the learned normal pattern.
INM00043278,2026-03-21 09:00:00,31.0,69.0,1008.6,0,normal,1,0.13295733251390907,0,96.3,NORMAL,Sensor readings appear consistent with the learned normal pattern.
INM00043278,2026-03-21 12:00:00,30.0,67.0,1008.1,0,normal,1,0.13162152456741355,0,95.9,NORMAL,Sensor readings appear consistent with the learned normal pattern.
INM00043278,2026-03-21 15:00:00,28.0,83.0,1009.5,0,normal,1,0.11988944784779121,0,92.6,NORMAL,Sensor readings appear consistent with the learned normal pattern.
INM00043278,2026-03-22 00:00:00,26.5,88.0,1009.5,0,normal,1,0.10442377359309202,0,88.3,NORMAL,Sensor readings appear consistent with the learned normal pattern.
INM00043278,2026-03-22 03:00:00,29.0,75.0,1012.0,0,normal,1,0.12382100499230159,0,93.7,NORMAL,Sensor readings appear consistent with the learned normal pattern.
INM00043278,2026-03-22 06:00:00,32.0,64.0,1011.9,0,normal,1,0.09329826300306188,0,85.2,NORMAL,Sensor readings appear consistent with the learned normal pattern.
INM00043278,2026-03-22 09:00:00,32.0,65.0,1009.4,0,normal,1,0.1129117144112321,0,90.7,NORMAL,Sensor readings appear consistent with the learned normal pattern.
INM00043278,2026-03-22 15:00:00,28.0,85.0,1010.8,0,normal,1,0.11310082600038934,0,90.7,NORMAL,Sensor readings appear consistent with the learned normal pattern.
INM00043278,2026-03-23 00:00:00,25.6,91.0,1010.4,0,normal,1,0.08664685649885445,0,83.4,NORMAL,Sensor readings appear consistent with the learned normal pattern.
INM00043278,2026-03-23 03:00:00,28.7,85.0,1012.1,0,normal,1,0.10619645751068507,0,88.8,NORMAL,Sensor readings appear consistent with the learned normal pattern.
INM00043278,2026-03-23 06:00:00,31.0,61.0,1011.8,0,normal,1,0.10030314161682824,0,87.2,NORMAL,Sensor readings appear consistent with the learned normal pattern.
INM00043278,2026-03-23 09:00:00,32.0,58.0,1009.2,0,normal,1,0.09692217315329005,0,86.2,NORMAL,Sensor readings appear consistent with the learned normal pattern.
INM00043278,2026-03-23 12:00:00,29.6,69.0,1009.0,0,normal,1,0.12516974119336383,0,94.1,NORMAL,Sensor readings appear consistent with the learned normal pattern.
INM00043278,2026-03-23 15:00:00,27.5,87.0,1010.3,0,normal,1,0.11174140595072324,0,90.4,NORMAL,Sensor readings appear consistent with the learned normal pattern.
INM00043278,2026-03-24 00:00:00,25.5,91.0,1009.4,0,normal,1,0.08049613491527924,0,81.6,NORMAL,Sensor readings appear consistent with the learned normal pattern.
INM00043278,2026-03-24 03:00:00,28.1,81.0,1011.6,0,normal,1,0.12019221876495184,0,92.7,NORMAL,Sensor readings appear consistent with the learned normal pattern.
INM00043278,2026-03-24 06:00:00,31.2,61.0,1011.6,0,normal,1,0.09883379980157853,0,86.8,NORMAL,Sensor readings appear consistent with the learned normal pattern.
INM00043278,2026-03-24 09:00:00,31.5,60.0,1008.2,0,normal,1,0.11423522331444119,0,91.1,NORMAL,Sensor readings appear consistent with the learned normal pattern.
INM00043278,2026-03-24 12:00:00,29.2,68.0,1008.1,0,normal,1,0.12277738787999082,0,93.4,NORMAL,Sensor readings appear consistent with the learned normal pattern.
INM00043278,2026-03-24 15:00:00,27.7,73.0,1010.1,0,normal,1,0.11918417891010807,0,92.4,NORMAL,Sensor readings appear consistent with the learned normal pattern.
INM00043278,2026-03-25 00:00:00,25.7,89.0,1009.1,0,normal,1,0.08907550010022092,0,84.0,NORMAL,Sensor readings appear consistent with the learned normal pattern.
INM00043278,2026-03-25 03:00:00,28.0,78.0,1011.9,0,normal,1,0.12396921640051561,0,93.8,NORMAL,Sensor readings appear consistent with the learned normal pattern.
INM00043278,2026-03-25 06:00:00,31.6,61.0,1011.1,0,normal,1,0.09804350462171718,0,86.5,NORMAL,Sensor readings appear consistent with the learned normal pattern.
INM00043278,2026-03-25 09:00:00,31.6,63.0,1009.0,0,normal,1,0.11770792664060337,0,92.0,NORMAL,Sensor readings appear consistent with the learned normal pattern.
INM00043278,2026-03-25 12:00:00,29.6,69.0,1007.8,0,normal,1,0.13022170971691172,0,95.5,NORMAL,Sensor readings appear consistent with the learned normal pattern.
INM00043278,2026-03-25 15:00:00,28.0,76.0,1010.2,0,normal,1,0.13128584976051416,0,95.8,NORMAL,Sensor readings appear consistent with the learned normal pattern.
INM00043278,2026-03-26 00:00:00,25.2,91.0,1009.9,0,normal,1,0.08193377849665667,0,82.0,NORMAL,Sensor readings appear consistent with the learned normal pattern.
INM00043278,2026-03-26 03:00:00,28.0,78.0,1011.8,0,normal,1,0.1263529699447532,0,94.4,NORMAL,Sensor readings appear consistent with the learned normal pattern.
INM00043278,2026-03-26 06:00:00,31.2,58.0,1011.8,0,normal,1,0.08991205296643878,0,84.3,NORMAL,Sensor readings appear consistent with the learned normal pattern.
INM00043278,2026-03-26 09:00:00,31.2,58.0,1009.5,0,normal,1,0.10203918142119578,0,87.7,NORMAL,Sensor readings appear consistent with the learned normal pattern.
INM00043278,2026-03-26 12:00:00,29.7,67.0,1009.0,0,normal,1,0.12578481862844937,0,94.3,NORMAL,Sensor readings appear consistent with the learned normal pattern.
INM00043278,2026-03-26 15:00:00,27.7,83.0,1010.9,0,normal,1,0.11706787379798778,0,91.8,NORMAL,Sensor readings appear consistent with the learned normal pattern.
INM00043278,2026-04-02 00:00:00,26.0,79.0,1009.6,0,normal,1,0.1093698595875005,0,89.7,NORMAL,Sensor readings appear consistent with the learned normal pattern.
INM00043278,2026-04-02 03:00:00,29.5,69.0,1012.0,0,normal,1,0.1157708570301666,0,91.5,NORMAL,Sensor readings appear consistent with the learned normal pattern.
INM00043278,2026-04-02 06:00:00,33.0,51.0,1012.1,0,normal,1,0.02529588612582323,0,66.2,NORMAL,Sensor readings appear consistent with the learned normal pattern.
INM00043278,2026-04-02 09:00:00,33.0,54.0,1009.2,0,normal,1,0.07339776566485845,0,79.7,NORMAL,Sensor readings appear consistent with the learned normal pattern.
INM00043278,2026-04-02 12:00:00,30.2,69.0,1008.3,0,normal,1,0.1352153487248839,0,96.9,NORMAL,Sensor readings appear consistent with the learned normal pattern.
INM00043278,2026-04-02 15:00:00,28.2,76.0,1009.9,0,normal,1,0.129260062028126,0,95.2,NORMAL,Sensor readings appear consistent with the learned normal pattern.
INM00043278,2026-04-03 00:00:00,26.0,87.0,1010.0,0,normal,1,0.10488521647989152,0,88.4,NORMAL,Sensor readings appear consistent with the learned normal pattern.
INM00043278,2026-04-03 03:00:00,29.0,71.0,1011.8,0,normal,1,0.1172710436195673,0,91.9,NORMAL,Sensor readings appear consistent with the learned normal pattern.
INM00043278,2026-04-03 06:00:00,32.9,54.0,1011.0,0,normal,1,0.05429825503226371,0,74.3,NORMAL,Sensor readings appear consistent with the learned normal pattern.
INM00043278,2026-04-03 09:00:00,32.7,56.0,1008.1,0,normal,1,0.09236670259356544,0,85.0,NORMAL,Sensor readings appear consistent with the learned normal pattern.
INM00043278,2026-04-03 12:00:00,30.5,66.0,1006.9,0,normal,1,0.12901461876069154,0,95.2,NORMAL,Sensor readings appear consistent with the learned normal pattern.
INM00043278,2026-04-03 15:00:00,29.0,74.0,1009.2,0,normal,1,0.12997553964535935,0,95.4,NORMAL,Sensor readings appear consistent with the learned normal pattern.
INM00043278,2026-04-04 00:00:00,52.4,86.0,1008.4,1,temperature_spike,-1,-0.13093429532792533,1,22.7,WARNING,Anomaly detected because temperature is unusually high.
INM00043278,2026-04-04 06:00:00,33.1,74.0,1009.1,0,normal,1,0.10268481137132768,0,87.8,NORMAL,Sensor readings appear consistent with the learned normal pattern.
INM00043278,2026-04-04 09:00:00,33.4,59.0,1009.4,0,normal,1,0.08065652533367657,0,81.7,NORMAL,Sensor readings appear consistent with the learned normal pattern.
INM00043278,2026-04-04 15:00:00,29.3,84.0,1008.8,0,normal,1,0.12152940537427276,0,93.1,NORMAL,Sensor readings appear consistent with the learned normal pattern.
INM00043278,2026-04-05 00:00:00,27.9,81.0,1007.0,0,normal,1,0.11644062915540954,0,91.7,NORMAL,Sensor readings appear consistent with the learned normal pattern.
INM00043278,2026-04-05 03:00:00,29.6,66.0,1009.2,0,normal,1,0.12382042278744565,0,93.7,NORMAL,Sensor readings appear consistent with the learned normal pattern.
INM00043278,2026-04-05 06:00:00,33.7,60.0,1008.2,0,normal,1,0.08899418114384428,0,84.0,NORMAL,Sensor readings appear consistent with the learned normal pattern.
INM00043278,2026-04-05 09:00:00,33.1,64.0,1005.1,0,normal,1,0.11503125264040953,0,91.3,NORMAL,Sensor readings appear consistent with the learned normal pattern.
INM00043278,2026-04-05 12:00:00,30.8,80.0,1004.7,0,normal,1,0.13129358612058267,0,95.8,NORMAL,Sensor readings appear consistent with the learned normal pattern.
INM00043278,2026-04-05 15:00:00,29.6,88.0,1007.2,0,normal,1,0.12248521911160248,0,93.4,NORMAL,Sensor readings appear consistent with the learned normal pattern.
INM00043278,2026-04-06 00:00:00,29.2,91.0,1007.4,0,normal,1,0.10096140172597706,0,87.4,NORMAL,Sensor readings appear consistent with the learned normal pattern.
INM00043278,2026-04-06 03:00:00,30.0,81.0,1010.0,0,normal,1,0.12642377196049265,0,94.5,NORMAL,Sensor readings appear consistent with the learned normal pattern.
INM00043278,2026-04-06 06:00:00,30.9,82.0,1009.9,0,normal,1,0.11637463514754182,0,91.7,NORMAL,Sensor readings appear consistent with the learned normal pattern.
INM00043278,2026-04-06 09:00:00,27.6,86.0,1006.9,0,normal,1,0.1141404590365378,0,91.0,NORMAL,Sensor readings appear consistent with the learned normal pattern.
INM00043278,2026-04-06 12:00:00,29.7,75.0,1006.2,0,normal,1,0.137503286292111,0,97.5,NORMAL,Sensor readings appear consistent with the learned normal pattern.
INM00043278,2026-04-06 15:00:00,28.7,87.0,1008.4,0,normal,1,0.11136120946157846,0,90.3,NORMAL,Sensor readings appear consistent with the learned normal pattern.
INM00043278,2026-04-07 00:00:00,27.6,83.0,1008.4,0,normal,1,0.1192309704587986,0,92.4,NORMAL,Sensor readings appear consistent with the learned normal pattern.
INM00043278,2026-04-07 03:00:00,55.0,70.0,1010.3,1,temperature_spike,-1,-0.15296522322853967,1,16.5,CRITICAL,Anomaly detected because temperature is unusually high.
INM00043278,2026-04-07 06:00:00,33.0,64.0,1009.3,0,normal,1,0.10198948946006542,0,87.6,NORMAL,Sensor readings appear consistent with the learned normal pattern.
INM00043278,2026-04-07 09:00:00,33.0,67.0,1007.2,0,normal,1,0.1277467824085068,0,94.8,NORMAL,Sensor readings appear consistent with the learned normal pattern.
INM00043278,2026-04-07 12:00:00,31.0,76.0,1005.7,0,normal,1,0.14027230369635874,0,98.3,NORMAL,Sensor readings appear consistent with the learned normal pattern.
INM00043278,2026-04-08 00:00:00,28.2,87.0,1007.7,0,normal,1,0.1135202232357223,0,90.9,NORMAL,Sensor readings appear consistent with the learned normal pattern.
INM00043278,2026-04-08 03:00:00,31.0,80.0,1010.0,0,normal,1,0.12411682569939769,0,93.8,NORMAL,Sensor readings appear consistent with the learned normal pattern.
INM00043278,2026-04-08 06:00:00,58.5,72.0,1009.1,1,temperature_spike,-1,-0.15301083212222422,1,16.5,CRITICAL,Anomaly detected because temperature is unusually high.
INM00043278,2026-04-08 09:00:00,33.8,65.0,1006.6,0,normal,1,0.11326484405376663,0,90.8,NORMAL,Sensor readings appear consistent with the learned normal pattern.
INM00043278,2026-04-08 12:00:00,30.4,80.0,1006.3,0,normal,1,0.13991348447115903,0,98.2,NORMAL,Sensor readings appear consistent with the learned normal pattern.
INM00043278,2026-04-08 15:00:00,29.8,88.0,1008.2,0,normal,1,0.1081784928549972,0,89.4,NORMAL,Sensor readings appear consistent with the learned normal pattern.
INM00043278,2026-04-09 00:00:00,28.8,86.0,1009.2,0,normal,1,0.11770149420944831,0,92.0,NORMAL,Sensor readings appear consistent with the learned normal pattern.
INM00043278,2026-04-09 03:00:00,30.2,84.0,1011.6,0,normal,1,0.10722263115534869,0,89.1,NORMAL,Sensor readings appear consistent with the learned normal pattern.
INM00043278,2026-04-09 06:00:00,33.4,76.0,1009.9,0,normal,1,0.094116622768458,0,85.4,NORMAL,Sensor readings appear consistent with the learned normal pattern.
INM00043278,2026-04-09 09:00:00,32.7,72.0,1007.3,0,normal,1,0.12710081172091015,0,94.6,NORMAL,Sensor readings appear consistent with the learned normal pattern.
INM00043278,2026-04-09 12:00:00,30.8,80.0,1006.8,0,normal,1,0.13793749726023358,0,97.7,NORMAL,Sensor readings appear consistent with the learned normal pattern.
INM00043278,2026-04-09 15:00:00,29.8,85.0,1008.8,0,normal,1,0.1185241849394813,0,92.3,NORMAL,Sensor readings appear consistent with the learned normal pattern.
INM00043278,2026-04-10 00:00:00,28.4,89.0,1009.1,0,normal,1,0.10437388784353496,0,88.3,NORMAL,Sensor readings appear consistent with the learned normal pattern.
INM00043278,2026-04-10 03:00:00,31.0,76.0,1011.5,0,normal,1,0.11798899287207881,0,92.1,NORMAL,Sensor readings appear consistent with the learned normal pattern.
INM00043278,2026-04-10 06:00:00,33.7,66.0,1011.0,0,normal,1,0.06940580839582206,0,78.5,NORMAL,Sensor readings appear consistent with the learned normal pattern.
INM00043278,2026-04-10 09:00:00,33.5,70.0,1008.5,0,normal,1,0.10447987515197021,0,88.3,NORMAL,Sensor readings appear consistent with the learned normal pattern.
INM00043278,2026-04-10 12:00:00,30.7,81.0,1008.0,0,normal,1,0.12952100348983314,0,95.3,NORMAL,Sensor readings appear consistent with the learned normal pattern.
INM00043278,2026-04-10 15:00:00,29.3,87.0,1010.2,0,normal,1,0.1059210440710951,0,88.7,NORMAL,Sensor readings appear consistent with the learned normal pattern.
INM00043278,2026-04-11 00:00:00,27.9,90.0,1010.1,0,normal,1,0.10039793743440034,0,87.2,NORMAL,Sensor readings appear consistent with the learned normal pattern.
INM00043278,2026-04-11 03:00:00,30.0,80.0,1011.7,0,normal,1,0.118493376782345,0,92.2,NORMAL,Sensor readings appear consistent with the learned normal pattern.
INM00043278,2026-04-11 06:00:00,26.0,101.0,1010.7,0,normal,-1,-0.011328775327181018,1,56.0,SUSPICIOUS,Anomaly detected because humidity is outside the normal physical range.
INM00043278,2026-04-11 09:00:00,33.4,65.0,1007.5,0,normal,1,0.11518414875490024,0,91.3,NORMAL,Sensor readings appear consistent with the learned normal pattern.
INM00043278,2026-04-11 12:00:00,31.5,76.0,1007.3,0,normal,1,0.14251456683673547,0,98.9,NORMAL,Sensor readings appear consistent with the learned normal pattern.
INM00043278,2026-04-11 15:00:00,29.6,80.0,1009.2,0,normal,1,0.13180572694037235,0,96.0,NORMAL,Sensor readings appear consistent with the learned normal pattern.
INM00043278,2026-04-12 00:00:00,28.0,87.0,1007.7,0,normal,1,0.11471893615841688,0,91.2,NORMAL,Sensor readings appear consistent with the learned normal pattern.
INM00043278,2026-04-12 03:00:00,30.0,74.0,1010.0,0,normal,1,0.13134915252148255,0,95.8,NORMAL,Sensor readings appear consistent with the learned normal pattern.
INM00043278,2026-04-12 06:00:00,32.7,67.0,1009.1,0,normal,1,0.10970668876911865,0,89.8,NORMAL,Sensor readings appear consistent with the learned normal pattern.
INM00043278,2026-04-12 09:00:00,33.0,67.0,1005.7,0,normal,1,0.1265664909016408,0,94.5,NORMAL,Sensor readings appear consistent with the learned normal pattern.
INM00043278,2026-04-12 12:00:00,31.0,72.0,1006.6,0,normal,1,0.13655698529170468,0,97.3,NORMAL,Sensor readings appear consistent with the learned normal pattern.
INM00043278,2026-04-12 15:00:00,29.0,82.0,1008.6,0,normal,1,0.12769545134999566,0,94.8,NORMAL,Sensor readings appear consistent with the learned normal pattern.
INM00043278,2026-04-13 00:00:00,27.5,92.0,1008.8,1,temperature_drift,1,0.0872554588769146,0,83.5,NORMAL,Sensor readings appear consistent with the learned normal pattern.
INM00043278,2026-04-13 03:00:00,30.4,77.0,1010.8,1,temperature_drift,1,0.12463671137684651,0,94.0,NORMAL,Sensor readings appear consistent with the learned normal pattern.
INM00043278,2026-04-13 06:00:00,36.4,58.0,1010.2,1,temperature_drift,1,0.03374760236841051,0,68.6,NORMAL,Sensor readings appear consistent with the learned normal pattern.
INM00043278,2026-04-13 09:00:00,34.2,67.0,1007.4,1,temperature_drift,1,0.10391903237333894,0,88.2,NORMAL,Sensor readings appear consistent with the learned normal pattern.
INM00043278,2026-04-13 12:00:00,32.6,76.0,1007.4,1,temperature_drift,1,0.12763698267092882,0,94.8,NORMAL,Sensor readings appear consistent with the learned normal pattern.
INM00043278,2026-04-13 15:00:00,30.9,86.0,1009.6,1,temperature_drift,1,0.10397386325555513,0,88.2,NORMAL,Sensor readings appear consistent with the learned normal pattern.
INM00043278,2026-04-14 00:00:00,29.4,92.0,1008.7,1,temperature_drift,1,0.07720101236844962,0,80.7,NORMAL,Sensor readings appear consistent with the learned normal pattern.
INM00043278,2026-04-14 03:00:00,32.6,80.0,1010.9,1,temperature_drift,1,0.08431491940634239,0,82.7,NORMAL,Sensor readings appear consistent with the learned normal pattern.
INM00043278,2026-04-14 06:00:00,37.0,57.0,1009.9,1,temperature_drift,1,0.027372819440847462,0,66.8,NORMAL,Sensor readings appear consistent with the learned normal pattern.
INM00043278,2026-04-14 09:00:00,36.6,62.0,1006.5,1,temperature_drift,1,0.07095759369869126,0,79.0,NORMAL,Sensor readings appear consistent with the learned normal pattern.
INM00043278,2026-04-14 12:00:00,35.2,70.0,1006.0,1,temperature_drift,1,0.0971428465975997,0,86.3,NORMAL,Sensor readings appear consistent with the learned normal pattern.
INM00043278,2026-04-14 15:00:00,34.0,82.0,1008.0,1,temperature_drift,1,0.07229157594037422,0,79.4,NORMAL,Sensor readings appear consistent with the learned normal pattern.
INM00043278,2026-04-15 00:00:00,32.8,90.0,1007.6,1,temperature_drift,1,0.05951083068589552,0,75.8,NORMAL,Sensor readings appear consistent with the learned normal pattern.
INM00043278,2026-04-15 03:00:00,55.900000000000006,78.0,1008.7,1,temperature_drift,-1,-0.1458841153142224,1,18.5,CRITICAL,Anomaly detected because temperature is unusually high.
INM00043278,2026-04-15 06:00:00,40.4,57.0,1007.6,1,temperature_drift,-1,-0.010823728608216787,1,56.2,SUSPICIOUS,"The combination of temperature, humidity and pressure differs significantly from the learned normal pattern."
INM00043278,2026-04-15 09:00:00,39.8,64.0,1005.2,1,temperature_drift,1,0.010985560719956933,0,62.3,NORMAL,Sensor readings appear consistent with the learned normal pattern.
INM00043278,2026-04-15 12:00:00,37.4,78.0,1004.1,1,temperature_drift,1,0.029399572168866572,0,67.4,NORMAL,Sensor readings appear consistent with the learned normal pattern.
INM00043278,2026-04-15 15:00:00,36.400000000000006,86.0,1006.8,1,temperature_drift,1,0.029358804771704605,0,67.4,NORMAL,Sensor readings appear consistent with the learned normal pattern.
INM00043278,2026-04-16 00:00:00,36.0,86.0,1006.1,1,temperature_drift,1,0.03804618574923013,0,69.8,NORMAL,Sensor readings appear consistent with the learned normal pattern.
INM00043278,2026-04-16 03:00:00,38.3,78.0,1008.5,1,temperature_drift,1,0.01309564420596998,0,62.8,NORMAL,Sensor readings appear consistent with the learned normal pattern.
INM00043278,2026-04-16 06:00:00,41.9,66.0,1008.3,1,temperature_drift,-1,-0.026308286293820093,1,51.8,SUSPICIOUS,"The combination of temperature, humidity and pressure differs significantly from the learned normal pattern."
INM00043278,2026-04-16 09:00:00,41.0,69.0,1006.5,1,temperature_drift,1,0.0009054805864123772,0,59.4,NORMAL,Sensor readings appear consistent with the learned normal pattern.
INM00043278,2026-04-16 12:00:00,39.900000000000006,76.0,1004.8,1,temperature_drift,1,0.0004348792525856737,0,59.3,NORMAL,Sensor readings appear consistent with the learned normal pattern.
INM00043278,2026-04-16 15:00:00,39.0,82.0,1007.3,1,temperature_drift,-1,-0.0029819147634375653,1,58.4,SUSPICIOUS,"The combination of temperature, humidity and pressure differs significantly from the learned normal pattern."
INM00043278,2026-04-17 00:00:00,37.900000000000006,90.0,1007.5,1,temperature_drift,-1,-0.010998117868156854,1,56.1,SUSPICIOUS,"The combination of temperature, humidity and pressure differs significantly from the learned normal pattern."
INM00043278,2026-04-17 03:00:00,38.3,90.0,1007.5,1,temperature_drift,-1,-0.01509227935524915,1,55.0,SUSPICIOUS,"The combination of temperature, humidity and pressure differs significantly from the learned normal pattern."
INM00043278,2026-04-17 06:00:00,43.6,68.0,1009.0,1,temperature_drift,-1,-0.05026034010329217,1,45.2,SUSPICIOUS,"The combination of temperature, humidity and pressure differs significantly from the learned normal pattern."
INM00043278,2026-04-17 09:00:00,43.8,66.0,1006.2,1,temperature_drift,-1,-0.039179623879262215,1,48.3,SUSPICIOUS,"The combination of temperature, humidity and pressure differs significantly from the learned normal pattern."
INM00043278,2026-04-17 12:00:00,42.6,73.0,1005.6,1,temperature_drift,-1,-0.016055354631115404,1,54.7,SUSPICIOUS,"The combination of temperature, humidity and pressure differs significantly from the learned normal pattern."
INM00043278,2026-04-17 15:00:00,41.1,84.0,1007.6,1,temperature_drift,-1,-0.02942350768136781,1,51.0,SUSPICIOUS,"The combination of temperature, humidity and pressure differs significantly from the learned normal pattern."
INM00043278,2026-04-18 00:00:00,40.8,85.0,1007.6,1,temperature_drift,-1,-0.03723252965122681,1,48.8,SUSPICIOUS,"The combination of temperature, humidity and pressure differs significantly from the learned normal pattern."
INM00043278,2026-04-18 03:00:00,30.5,78.0,1009.0,0,normal,1,0.13297580454760305,0,96.3,NORMAL,Sensor readings appear consistent with the learned normal pattern.
INM00043278,2026-04-18 06:00:00,33.3,64.0,1008.6,0,normal,1,0.10823366847746924,0,89.4,NORMAL,Sensor readings appear consistent with the learned normal pattern.
INM00043278,2026-04-18 09:00:00,32.5,73.0,1006.1,0,normal,1,0.12875764207700702,0,95.1,NORMAL,Sensor readings appear consistent with the learned normal pattern.
INM00043278,2026-04-18 12:00:00,40.0,41.0,1005.8,0,normal,-1,-0.07562466138907953,1,38.1,WARNING,"The combination of temperature, humidity and pressure differs significantly from the learned normal pattern."
INM00043278,2026-04-18 15:00:00,29.0,79.0,1007.7,0,normal,1,0.13391319964480408,0,96.5,NORMAL,Sensor readings appear consistent with the learned normal pattern.
INM00043278,2026-04-19 00:00:00,27.2,90.0,1007.0,0,normal,1,0.09559064294019853,0,85.9,NORMAL,Sensor readings appear consistent with the learned normal pattern.
INM00043278,2026-04-19 03:00:00,30.5,66.0,1008.6,0,normal,1,0.1294648797449598,0,95.3,NORMAL,Sensor readings appear consistent with the learned normal pattern.
INM00043278,2026-04-19 06:00:00,36.8,52.0,1008.0,0,normal,1,0.03805700130128925,0,69.8,NORMAL,Sensor readings appear consistent with the learned normal pattern.
INM00043278,2026-04-19 09:00:00,33.3,61.0,1005.9,0,normal,1,0.10607751132805687,0,88.8,NORMAL,Sensor readings appear consistent with the learned normal pattern.
INM00043278,2026-04-19 12:00:00,40.6,44.0,1005.2,0,normal,-1,-0.07768803550908965,1,37.5,WARNING,"The combination of temperature, humidity and pressure differs significantly from the learned normal pattern."
INM00043278,2026-04-19 15:00:00,29.8,80.0,1007.2,0,normal,1,0.14134171313727534,0,98.6,NORMAL,Sensor readings appear consistent with the learned normal pattern.
INM00043278,2026-04-20 00:00:00,28.1,88.0,1007.4,0,normal,1,0.11405344022925429,0,91.0,NORMAL,Sensor readings appear consistent with the learned normal pattern.
INM00043278,2026-04-20 03:00:00,30.8,68.0,1009.2,0,normal,1,0.12689489999259906,0,94.6,NORMAL,Sensor readings appear consistent with the learned normal pattern.
INM00043278,2026-04-20 06:00:00,49.3,55.0,1008.1,1,temperature_spike,-1,-0.10445682394248657,1,30.0,WARNING,Anomaly detected because temperature is unusually high.
INM00043278,2026-04-20 09:00:00,33.4,56.0,1005.2,0,normal,1,0.08944332317093695,0,84.1,NORMAL,Sensor readings appear consistent with the learned normal pattern.
INM00043278,2026-04-20 12:00:00,31.6,74.0,1005.0,0,normal,1,0.13373144938125325,0,96.5,NORMAL,Sensor readings appear consistent with the learned normal pattern.
INM00043278,2026-04-20 15:00:00,29.7,81.0,1007.4,0,normal,1,0.13723482287036737,0,97.5,NORMAL,Sensor readings appear consistent with the learned normal pattern.
INM00043278,2026-04-21 00:00:00,28.0,86.0,1007.1,0,normal,1,0.12158548690876025,0,93.1,NORMAL,Sensor readings appear consistent with the learned normal pattern.
INM00043278,2026-04-21 03:00:00,30.0,78.0,1008.7,0,normal,1,0.13923204169618336,0,98.0,NORMAL,Sensor readings appear consistent with the learned normal pattern.
INM00043278,2026-04-21 06:00:00,35.2,50.0,1007.4,0,normal,1,0.039797656830367845,0,70.3,NORMAL,Sensor readings appear consistent with the learned normal pattern.
INM00043278,2026-04-21 09:00:00,35.0,50.0,1004.7,0,normal,1,0.04840079827039373,0,72.7,NORMAL,Sensor readings appear consistent with the learned normal pattern.
INM00043278,2026-04-21 12:00:00,31.4,70.0,1004.4,0,normal,1,0.12659430395705001,0,94.5,NORMAL,Sensor readings appear consistent with the learned normal pattern.
INM00043278,2026-04-21 15:00:00,29.8,82.0,1006.9,0,normal,1,0.13453894211513928,0,96.7,NORMAL,Sensor readings appear consistent with the learned normal pattern.
INM00043278,2026-04-22 00:00:00,28.2,89.0,1006.6,0,normal,1,0.10703595803276034,0,89.0,NORMAL,Sensor readings appear consistent with the learned normal pattern.
INM00043278,2026-04-22 03:00:00,30.4,76.0,1009.2,0,normal,1,0.13542357265900568,0,97.0,NORMAL,Sensor readings appear consistent with the learned normal pattern.
INM00043278,2026-04-22 06:00:00,34.0,70.0,1007.6,0,normal,1,0.10438619274140998,0,88.3,NORMAL,Sensor readings appear consistent with the learned normal pattern.
INM00043278,2026-04-22 09:00:00,33.9,56.0,1005.1,0,normal,1,0.0925999367980706,0,85.0,NORMAL,Sensor readings appear consistent with the learned normal pattern.
INM00043278,2026-04-22 12:00:00,31.7,68.0,1004.3,0,normal,1,0.12447311186907795,0,93.9,NORMAL,Sensor readings appear consistent with the learned normal pattern.
INM00043278,2026-04-22 15:00:00,29.2,83.0,1005.1,0,normal,1,0.11754525954057504,0,92.0,NORMAL,Sensor readings appear consistent with the learned normal pattern.
INM00043278,2026-04-23 00:00:00,27.6,89.0,1006.2,0,normal,1,0.10465980899862565,0,88.4,NORMAL,Sensor readings appear consistent with the learned normal pattern.
INM00043278,2026-04-23 03:00:00,30.8,72.0,1008.0,0,normal,1,0.135095727698473,0,96.9,NORMAL,Sensor readings appear consistent with the learned normal pattern.
INM00043278,2026-04-23 06:00:00,30.0,67.0,1007.1,0,normal,1,0.1324065778652967,0,96.1,NORMAL,Sensor readings appear consistent with the learned normal pattern.
INM00043278,2026-04-23 09:00:00,34.2,52.0,1004.8,0,normal,1,0.06613820552282929,0,77.6,NORMAL,Sensor readings appear consistent with the learned normal pattern.
INM00043278,2026-04-23 12:00:00,31.2,71.0,1004.4,0,normal,1,0.12677091680102331,0,94.6,NORMAL,Sensor readings appear consistent with the learned normal pattern.
INM00043278,2026-04-23 15:00:00,30.0,78.0,1006.9,0,normal,1,0.14422810279323417,0,99.4,NORMAL,Sensor readings appear consistent with the learned normal pattern.
INM00043278,2026-04-24 00:00:00,25.4,103.0,1005.4,0,normal,-1,-0.05324676723451294,1,44.3,SUSPICIOUS,Anomaly detected because humidity is outside the normal physical range.
INM00043278,2026-04-24 03:00:00,30.8,74.0,1008.0,0,normal,1,0.13704106344354827,0,97.4,NORMAL,Sensor readings appear consistent with the learned normal pattern.
INM00043278,2026-04-24 06:00:00,34.0,58.0,1007.2,0,normal,1,0.09412619267597588,0,85.4,NORMAL,Sensor readings appear consistent with the learned normal pattern.
INM00043278,2026-04-24 09:00:00,34.0,54.0,1005.3,0,normal,1,0.08584600816925453,0,83.1,NORMAL,Sensor readings appear consistent with the learned normal pattern.
INM00043278,2026-04-24 12:00:00,31.0,69.0,1005.1,0,normal,1,0.12950012475705908,0,95.3,NORMAL,Sensor readings appear consistent with the learned normal pattern.
INM00043278,2026-04-24 15:00:00,30.0,78.0,1007.2,0,normal,1,0.14630462140005973,0,100.0,NORMAL,Sensor readings appear consistent with the learned normal pattern.
INM00043278,2026-04-25 00:00:00,28.4,88.0,1007.1,0,normal,1,0.11749030278605377,0,92.0,NORMAL,Sensor readings appear consistent with the learned normal pattern.
INM00043278,2026-04-25 03:00:00,31.0,77.0,1009.0,0,normal,1,0.1340635814735061,0,96.6,NORMAL,Sensor readings appear consistent with the learned normal pattern.
INM00043278,2026-04-25 06:00:00,33.9,62.0,1008.5,0,normal,1,0.09048026209919557,0,84.4,NORMAL,Sensor readings appear consistent with the learned normal pattern.
INM00043278,2026-04-25 09:00:00,33.5,65.0,1006.2,0,normal,1,0.11572543446544542,0,91.5,NORMAL,Sensor readings appear consistent with the learned normal pattern.
INM00043278,2026-04-25 12:00:00,31.4,72.0,1006.4,0,normal,1,0.1366651250925725,0,97.3,NORMAL,Sensor readings appear consistent with the learned normal pattern.
INM00043278,2026-04-25 15:00:00,29.8,81.0,1008.4,0,normal,1,0.13208001620707172,0,96.0,NORMAL,Sensor readings appear consistent with the learned normal pattern.
INM00043278,2026-04-26 03:00:00,30.5,79.0,1009.7,0,normal,1,0.12845975320308367,0,95.0,NORMAL,Sensor readings appear consistent with the learned normal pattern.
INM00043278,2026-04-26 06:00:00,33.7,62.0,1008.4,0,normal,1,0.09511417781870413,0,85.7,NORMAL,Sensor readings appear consistent with the learned normal pattern.
INM00043278,2026-04-26 09:00:00,34.0,57.0,1005.2,0,normal,1,0.09859825664437294,0,86.7,NORMAL,Sensor readings appear consistent with the learned normal pattern.
INM00043278,2026-04-26 12:00:00,28.8,83.0,1005.1,0,normal,1,0.11238240297497176,0,90.5,NORMAL,Sensor readings appear consistent with the learned normal pattern.
INM00043278,2026-04-26 15:00:00,29.9,79.0,1006.6,0,normal,1,0.1410011231465061,0,98.5,NORMAL,Sensor readings appear consistent with the learned normal pattern.
INM00043278,2026-04-27 00:00:00,28.1,92.0,1006.1,0,normal,1,0.08461409672709774,0,82.8,NORMAL,Sensor readings appear consistent with the learned normal pattern.
INM00043278,2026-04-27 03:00:00,30.6,77.0,1008.0,0,normal,1,0.13952739724563512,0,98.1,NORMAL,Sensor readings appear consistent with the learned normal pattern.
INM00043278,2026-04-27 06:00:00,34.1,61.0,1006.8,0,normal,1,0.10043265959130249,0,87.2,NORMAL,Sensor readings appear consistent with the learned normal pattern.
INM00043278,2026-04-27 09:00:00,34.0,58.0,1003.8,0,normal,1,0.0786285282951481,0,81.1,NORMAL,Sensor readings appear consistent with the learned normal pattern.
INM00043278,2026-04-27 12:00:00,31.7,72.0,1003.2,0,normal,1,0.10808842113820083,0,89.3,NORMAL,Sensor readings appear consistent with the learned normal pattern.
INM00043278,2026-04-27 15:00:00,30.0,80.0,1005.4,0,normal,1,0.13418220974527711,0,96.6,NORMAL,Sensor readings appear consistent with the learned normal pattern.
INM00043278,2026-04-28 00:00:00,29.0,86.0,1005.7,0,normal,1,0.1196376105821963,0,92.6,NORMAL,Sensor readings appear consistent with the learned normal pattern.
INM00043278,2026-04-28 03:00:00,31.2,73.0,1007.6,0,normal,1,0.1356253773277537,0,97.0,NORMAL,Sensor readings appear consistent with the learned normal pattern.
INM00043278,2026-04-28 06:00:00,35.8,51.0,1006.5,0,normal,1,0.050036576522349774,0,73.1,NORMAL,Sensor readings appear consistent with the learned normal pattern.
INM00043278,2026-04-28 09:00:00,35.0,54.0,1004.8,0,normal,1,0.07824079317659427,0,81.0,NORMAL,Sensor readings appear consistent with the learned normal pattern.
INM00043278,2026-04-28 12:00:00,41.6,43.0,958.6,0,normal,-1,-0.2121670952237401,1,0.0,CRITICAL,Anomaly detected because pressure is outside the expected range.
INM00043278,2026-04-28 15:00:00,30.1,84.0,1005.9,0,normal,1,0.13203869883905012,0,96.0,NORMAL,Sensor readings appear consistent with the learned normal pattern.
INM00043278,2026-04-29 00:00:00,29.2,88.0,1005.3,0,normal,1,0.10813110086376232,0,89.4,NORMAL,Sensor readings appear consistent with the learned normal pattern.
INM00043278,2026-04-29 03:00:00,31.5,75.0,1007.4,0,normal,1,0.13820621052821236,0,97.7,NORMAL,Sensor readings appear consistent with the learned normal pattern.
INM00043278,2026-04-29 06:00:00,34.5,62.0,1007.0,0,normal,1,0.10055133077322753,0,87.2,NORMAL,Sensor readings appear consistent with the learned normal pattern.
INM00043278,2026-04-29 09:00:00,34.5,63.0,1004.8,0,normal,1,0.10257171182496488,0,87.8,NORMAL,Sensor readings appear consistent with the learned normal pattern.
INM00043278,2026-04-29 12:00:00,31.6,82.0,1003.9,0,normal,1,0.10815576386076076,0,89.4,NORMAL,Sensor readings appear consistent with the learned normal pattern.
INM00043278,2026-04-29 15:00:00,30.8,84.0,1006.4,0,normal,1,0.12662201958620867,0,94.5,NORMAL,Sensor readings appear consistent with the learned normal pattern.
INM00043278,2026-04-30 00:00:00,29.8,86.0,1006.4,0,normal,1,0.12728099490271017,0,94.7,NORMAL,Sensor readings appear consistent with the learned normal pattern.
INM00043278,2026-04-30 03:00:00,32.3,67.0,1008.1,0,normal,1,0.12476975345329455,0,94.0,NORMAL,Sensor readings appear consistent with the learned normal pattern.
INM00043278,2026-04-30 06:00:00,37.1,48.0,1006.9,0,normal,1,0.004060574731218347,0,60.3,NORMAL,Sensor readings appear consistent with the learned normal pattern.
INM00043278,2026-04-30 09:00:00,34.8,64.0,1004.9,0,normal,1,0.10281751779082132,0,87.9,NORMAL,Sensor readings appear consistent with the learned normal pattern.
INM00043278,2026-04-30 12:00:00,32.1,80.0,1004.2,0,normal,1,0.11573455174035546,0,91.5,NORMAL,Sensor readings appear consistent with the learned normal pattern.
INM00043278,2026-04-30 15:00:00,30.8,83.0,1006.9,0,normal,1,0.12899417812433867,0,95.2,NORMAL,Sensor readings appear consistent with the learned normal pattern.
INM00043278,2026-05-01 00:00:00,30.0,76.0,1006.6,0,normal,1,0.14362457916795818,0,99.3,NORMAL,Sensor readings appear consistent with the learned normal pattern.
INM00043278,2026-05-01 03:00:00,30.4,65.0,1007.8,0,normal,1,0.12513445261245787,0,94.1,NORMAL,Sensor readings appear consistent with the learned normal pattern.
INM00043278,2026-05-01 06:00:00,36.0,48.0,1007.5,0,normal,1,0.007547787049720478,0,61.3,NORMAL,Sensor readings appear consistent with the learned normal pattern.
INM00043278,2026-05-01 09:00:00,35.9,57.0,1004.5,0,normal,1,0.08054935110286937,0,81.7,NORMAL,Sensor readings appear consistent with the learned normal pattern.
INM00043278,2026-05-01 12:00:00,32.2,78.0,1003.3,0,normal,1,0.10163697052049325,0,87.5,NORMAL,Sensor readings appear consistent with the learned normal pattern.
INM00043278,2026-05-01 15:00:00,31.2,81.0,1005.5,0,normal,1,0.13016237350692433,0,95.5,NORMAL,Sensor readings appear consistent with the learned normal pattern.
INM00043278,2026-05-02 00:00:00,30.0,85.0,1005.1,0,normal,1,0.12304504322799675,0,93.5,NORMAL,Sensor readings appear consistent with the learned normal pattern.
INM00043278,2026-05-02 03:00:00,32.2,72.0,1007.1,0,normal,1,0.13128047747651045,0,95.8,NORMAL,Sensor readings appear consistent with the learned normal pattern.
INM00043278,2026-05-02 06:00:00,35.1,66.0,1006.2,0,normal,1,0.10110239333664356,0,87.4,NORMAL,Sensor readings appear consistent with the learned normal pattern.
INM00043278,2026-05-02 09:00:00,54.0,71.0,1002.7,1,temperature_spike,-1,-0.13745246467144345,1,20.8,WARNING,Anomaly detected because temperature is unusually high.
INM00043278,2026-05-02 12:00:00,32.4,79.0,1001.9,0,normal,1,0.06961549663284661,0,78.6,NORMAL,Sensor readings appear consistent with the learned normal pattern.
INM00043278,2026-05-02 15:00:00,31.1,81.0,1004.1,0,normal,1,0.11705331181582412,0,91.8,NORMAL,Sensor readings appear consistent with the learned normal pattern.
INM00043278,2026-05-03 00:00:00,30.0,66.0,1004.4,0,normal,1,0.10757094588808996,0,89.2,NORMAL,Sensor readings appear consistent with the learned normal pattern.
INM00043278,2026-05-03 03:00:00,31.8,58.0,1007.0,0,normal,1,0.10490315682051143,0,88.5,NORMAL,Sensor readings appear consistent with the learned normal pattern.
INM00043278,2026-05-03 06:00:00,37.1,48.0,1005.2,0,normal,1,0.011684721846699109,0,62.4,NORMAL,Sensor readings appear consistent with the learned normal pattern.
INM00043278,2026-05-03 09:00:00,35.8,52.0,1003.6,0,normal,1,0.03966254999830443,0,70.3,NORMAL,Sensor readings appear consistent with the learned normal pattern.
INM00043278,2026-05-03 12:00:00,32.0,72.0,1002.7,0,normal,1,0.09301476890065197,0,85.1,NORMAL,Sensor readings appear consistent with the learned normal pattern.
INM00043278,2026-05-03 15:00:00,32.4,70.0,1004.4,0,normal,1,0.12125997259795934,0,93.0,NORMAL,Sensor readings appear consistent with the learned normal pattern.
INM00043278,2026-05-04 00:00:00,24.4,95.0,996.0,0,normal,-1,-0.09376313388810886,1,33.0,WARNING,"The combination of temperature, humidity and pressure differs significantly from the learned normal pattern."
INM00043278,2026-05-04 03:00:00,29.8,77.0,1007.2,0,normal,1,0.14417888290374048,0,99.4,NORMAL,Sensor readings appear consistent with the learned normal pattern.
INM00043278,2026-05-04 06:00:00,34.5,56.0,1006.7,0,normal,1,0.08719603811295618,0,83.5,NORMAL,Sensor readings appear consistent with the learned normal pattern.
INM00043278,2026-05-04 09:00:00,36.4,51.0,1003.4,0,normal,1,0.030169016744414745,0,67.6,NORMAL,Sensor readings appear consistent with the learned normal pattern.
INM00043278,2026-05-04 12:00:00,32.0,71.0,1003.3,0,normal,1,0.10430713420751947,0,88.3,NORMAL,Sensor readings appear consistent with the learned normal pattern.
INM00043278,2026-05-04 15:00:00,30.4,81.0,1006.1,0,normal,1,0.13431326002927546,0,96.7,NORMAL,Sensor readings appear consistent with the learned normal pattern.
INM00043278,2026-05-05 00:00:00,28.4,72.0,1006.2,0,normal,1,0.1136401889925181,0,90.9,NORMAL,Sensor readings appear consistent with the learned normal pattern.
INM00043278,2026-05-05 03:00:00,32.4,54.0,1007.3,0,normal,1,0.0858434032970426,0,83.1,NORMAL,Sensor readings appear consistent with the learned normal pattern.
INM00043278,2026-05-05 06:00:00,34.6,50.0,1007.4,0,normal,1,0.042112489434875056,0,70.9,NORMAL,Sensor readings appear consistent with the learned normal pattern.
INM00043278,2026-05-05 09:00:00,33.1,58.0,1005.9,0,normal,1,0.10138711040012338,0,87.5,NORMAL,Sensor readings appear consistent with the learned normal pattern.
INM00043278,2026-05-05 12:00:00,30.6,76.0,1005.2,0,normal,1,0.135262346969936,0,96.9,NORMAL,Sensor readings appear consistent with the learned normal pattern.
INM00043278,2026-05-05 15:00:00,29.9,83.0,1006.9,0,normal,1,0.134535872079945,0,96.7,NORMAL,Sensor readings appear consistent with the learned normal pattern.
INM00043278,2026-05-06 00:00:00,24.0,117.0,1006.1,0,normal,-1,-0.06692998333042322,1,40.5,SUSPICIOUS,Anomaly detected because humidity is outside the normal physical range.
INM00043278,2026-05-06 03:00:00,30.9,82.0,1007.6,0,normal,1,0.1287531239309923,0,95.1,NORMAL,Sensor readings appear consistent with the learned normal pattern.
INM00043278,2026-05-06 06:00:00,34.0,79.0,1007.1,1,humidity_spike,1,0.090204022821545,0,84.4,NORMAL,Sensor readings appear consistent with the learned normal pattern.
INM00043278,2026-05-06 09:00:00,33.0,68.0,1005.0,0,normal,1,0.12479281782138679,0,94.0,NORMAL,Sensor readings appear consistent with the learned normal pattern.
INM00043278,2026-05-06 12:00:00,31.4,70.0,1004.4,0,normal,1,0.12659430395705001,0,94.5,NORMAL,Sensor readings appear consistent with the learned normal pattern.
INM00043278,2026-05-06 15:00:00,30.0,74.0,1006.0,0,normal,1,0.13422727796212586,0,96.6,NORMAL,Sensor readings appear consistent with the learned normal pattern.
INM00043278,2026-05-07 00:00:00,28.6,85.0,1006.1,0,normal,1,0.11619451873379488,0,91.6,NORMAL,Sensor readings appear consistent with the learned normal pattern.
INM00043278,2026-05-07 03:00:00,31.2,71.0,1007.9,0,normal,1,0.13455260078517456,0,96.7,NORMAL,Sensor readings appear consistent with the learned normal pattern.
INM00043278,2026-05-07 06:00:00,33.5,58.0,1007.2,0,normal,1,0.09852469170676836,0,86.7,NORMAL,Sensor readings appear consistent with the learned normal pattern.
INM00043278,2026-05-07 09:00:00,54.0,62.0,1005.1,1,temperature_spike,-1,-0.1263330023682212,1,23.9,WARNING,Anomaly detected because temperature is unusually high.
INM00043278,2026-05-07 12:00:00,32.0,69.0,1004.4,0,normal,1,0.12613377507125045,0,94.4,NORMAL,Sensor readings appear consistent with the learned normal pattern.
INM00043278,2026-05-07 15:00:00,30.0,76.0,1006.0,0,normal,1,0.14107893295626323,0,98.5,NORMAL,Sensor readings appear consistent with the learned normal pattern.
INM00043278,2026-05-08 00:00:00,28.6,83.0,1006.6,0,normal,1,0.12110610349409667,0,93.0,NORMAL,Sensor readings appear consistent with the learned normal pattern.
INM00043278,2026-05-08 03:00:00,31.8,71.0,1008.0,0,normal,1,0.12879205287297207,0,95.1,NORMAL,Sensor readings appear consistent with the learned normal pattern.
INM00043278,2026-05-08 06:00:00,30.0,81.0,1008.2,0,normal,1,0.13369499966832293,0,96.5,NORMAL,Sensor readings appear consistent with the learned normal pattern.
INM00043278,2026-05-08 09:00:00,31.0,71.0,1006.0,0,normal,1,0.13232676341026334,0,96.1,NORMAL,Sensor readings appear consistent with the learned normal pattern.
INM00043278,2026-05-08 12:00:00,50.1,72.0,1006.2,1,temperature_spike,-1,-0.08928593661687667,1,34.3,WARNING,Anomaly detected because temperature is unusually high.
INM00043278,2026-05-08 15:00:00,29.0,82.0,1007.5,0,normal,1,0.13125508553440673,0,95.8,NORMAL,Sensor readings appear consistent with the learned normal pattern.
INM00043278,2026-05-09 03:00:00,25.8,95.0,1008.4,0,normal,1,0.05183603994974184,0,73.6,NORMAL,Sensor readings appear consistent with the learned normal pattern.
INM00043278,2026-05-09 06:00:00,28.8,83.0,1008.2,0,normal,1,0.126131658654265,0,94.4,NORMAL,Sensor readings appear consistent with the learned normal pattern.
INM00043278,2026-05-09 09:00:00,26.8,97.0,1006.7,0,normal,1,0.03080632610511025,0,67.8,NORMAL,Sensor readings appear consistent with the learned normal pattern.
INM00043278,2026-05-09 12:00:00,28.0,92.0,1005.9,0,normal,1,0.08353339613097499,0,82.5,NORMAL,Sensor readings appear consistent with the learned normal pattern.
INM00043278,2026-05-09 15:00:00,27.7,93.0,1007.2,0,normal,1,0.08476437839536027,0,82.8,NORMAL,Sensor readings appear consistent with the learned normal pattern.
INM00043278,2026-05-10 00:00:00,26.4,97.0,1006.0,0,normal,1,0.023133732457113698,0,65.6,NORMAL,Sensor readings appear consistent with the learned normal pattern.
INM00043278,2026-05-10 03:00:00,29.2,86.0,1006.2,0,normal,1,0.1230298372338291,0,93.5,NORMAL,Sensor readings appear consistent with the learned normal pattern.
INM00043278,2026-05-10 06:00:00,34.0,63.0,998.4,0,normal,1,0.0024214067058063726,0,59.9,NORMAL,Sensor readings appear consistent with the learned normal pattern.
INM00043278,2026-05-10 09:00:00,31.6,79.0,1004.9,0,normal,1,0.1307158185317267,0,95.7,NORMAL,Sensor readings appear consistent with the learned normal pattern.
INM00043278,2026-05-10 12:00:00,31.2,70.0,1004.8,0,normal,1,0.128617058888017,0,95.1,NORMAL,Sensor readings appear consistent with the learned normal pattern.
INM00043278,2026-05-10 15:00:00,29.0,79.0,1006.8,0,normal,1,0.13414472790748172,0,96.6,NORMAL,Sensor readings appear consistent with the learned normal pattern.
INM00043278,2026-05-11 00:00:00,27.0,94.0,1005.3,0,normal,1,0.04242474778368327,0,71.0,NORMAL,Sensor readings appear consistent with the learned normal pattern.
INM00043278,2026-05-11 03:00:00,30.4,76.0,1007.7,0,normal,1,0.14025217598155237,0,98.3,NORMAL,Sensor readings appear consistent with the learned normal pattern.
INM00043278,2026-05-11 06:00:00,32.2,64.0,1006.5,0,normal,1,0.12434794727942583,0,93.9,NORMAL,Sensor readings appear consistent with the learned normal pattern.
INM00043278,2026-05-11 09:00:00,33.0,60.0,1004.3,0,normal,1,0.09812695540803557,0,86.6,NORMAL,Sensor readings appear consistent with the learned normal pattern.
INM00043278,2026-05-11 12:00:00,37.2,50.0,994.2,0,normal,-1,-0.08175395133669794,1,36.4,WARNING,"The combination of temperature, humidity and pressure differs significantly from the learned normal pattern."
INM00043278,2026-05-11 15:00:00,29.6,77.0,1007.0,0,normal,1,0.14262781048564782,0,99.0,NORMAL,Sensor readings appear consistent with the learned normal pattern.
INM00043278,2026-05-12 00:00:00,27.2,90.0,1004.4,0,normal,1,0.06395460341352838,0,77.0,NORMAL,Sensor readings appear consistent with the learned normal pattern.
INM00043278,2026-05-12 03:00:00,30.0,78.0,1005.6,0,normal,1,0.13893846639505103,0,97.9,NORMAL,Sensor readings appear consistent with the learned normal pattern.
INM00043278,2026-05-12 06:00:00,32.0,65.0,1005.4,0,normal,1,0.12328298213633254,0,93.6,NORMAL,Sensor readings appear consistent with the learned normal pattern.
INM00043278,2026-05-12 09:00:00,33.2,62.0,1002.9,0,normal,1,0.0761630243341424,0,80.4,NORMAL,Sensor readings appear consistent with the learned normal pattern.
INM00043278,2026-05-12 12:00:00,34.2,56.0,992.1,0,normal,-1,-0.06953980849954877,1,39.8,WARNING,"The combination of temperature, humidity and pressure differs significantly from the learned normal pattern."
INM00043278,2026-05-12 15:00:00,29.8,77.0,1005.0,0,normal,1,0.13197369286306015,0,96.0,NORMAL,Sensor readings appear consistent with the learned normal pattern.
INM00043278,2026-05-13 00:00:00,27.7,90.0,1003.1,0,normal,1,0.037858057300920234,0,69.7,NORMAL,Sensor readings appear consistent with the learned normal pattern.
INM00043278,2026-05-13 03:00:00,31.8,72.0,1004.9,0,normal,1,0.13358772839218175,0,96.5,NORMAL,Sensor readings appear consistent with the learned normal pattern.
INM00043278,2026-05-13 06:00:00,34.0,56.0,1004.5,0,normal,1,0.08598360241373332,0,83.2,NORMAL,Sensor readings appear consistent with the learned normal pattern.
INM00043278,2026-05-13 09:00:00,34.0,62.0,1001.9,0,normal,1,0.053578565914855214,0,74.1,NORMAL,Sensor readings appear consistent with the learned normal pattern.
INM00043278,2026-05-13 12:00:00,32.0,66.0,1001.4,0,normal,1,0.050528537017621056,0,73.3,NORMAL,Sensor readings appear consistent with the learned normal pattern.
INM00043278,2026-05-13 15:00:00,30.0,81.0,1003.6,0,normal,1,0.10406205296390769,0,88.2,NORMAL,Sensor readings appear consistent with the learned normal pattern.
INM00043278,2026-05-14 00:00:00,28.0,92.0,1001.3,0,normal,-1,-0.0122423598839414,1,55.8,SUSPICIOUS,"The combination of temperature, humidity and pressure differs significantly from the learned normal pattern."
INM00043278,2026-05-14 03:00:00,30.7,66.0,1004.1,0,normal,1,0.10912486391434184,0,89.6,NORMAL,Sensor readings appear consistent with the learned normal pattern.
INM00043278,2026-05-14 06:00:00,33.1,63.0,1003.5,0,normal,1,0.08976470508110618,0,84.2,NORMAL,Sensor readings appear consistent with the learned normal pattern.
INM00043278,2026-05-14 09:00:00,34.0,62.0,1001.6,0,normal,1,0.04357113680327124,0,71.3,NORMAL,Sensor readings appear consistent with the learned normal pattern.
INM00043278,2026-05-14 12:00:00,32.0,66.0,1001.0,0,normal,1,0.036028752194227076,0,69.2,NORMAL,Sensor readings appear consistent with the learned normal pattern.
INM00043278,2026-05-14 15:00:00,30.1,82.0,1002.8,0,normal,1,0.07891634440777584,0,81.2,NORMAL,Sensor readings appear consistent with the learned normal pattern.
INM00043278,2026-05-15 00:00:00,29.0,88.0,1002.7,0,normal,1,0.0406436771834241,0,70.5,NORMAL,Sensor readings appear consistent with the learned normal pattern.
INM00043278,2026-05-15 03:00:00,31.0,78.0,1003.0,0,normal,1,0.10009589437512334,0,87.1,NORMAL,Sensor readings appear consistent with the learned normal pattern.
INM00043278,2026-05-15 06:00:00,31.0,81.0,1003.4,0,normal,1,0.10258603293948337,0,87.8,NORMAL,Sensor readings appear consistent with the learned normal pattern.
INM00043278,2026-05-15 09:00:00,30.0,83.0,1002.6,0,normal,1,0.06860284455393639,0,78.3,NORMAL,Sensor readings appear consistent with the learned normal pattern.
INM00043278,2026-05-15 12:00:00,27.8,87.0,1001.9,0,normal,1,0.021289436648985083,0,65.1,NORMAL,Sensor readings appear consistent with the learned normal pattern.
INM00043278,2026-05-15 15:00:00,27.1,96.0,1003.0,0,normal,-1,-0.023943321109950344,1,52.5,SUSPICIOUS,"The combination of temperature, humidity and pressure differs significantly from the learned normal pattern."
INM00043278,2026-05-16 00:00:00,27.6,94.0,1002.3,0,normal,-1,-0.015307646110000128,1,54.9,SUSPICIOUS,"The combination of temperature, humidity and pressure differs significantly from the learned normal pattern."
INM00043278,2026-05-16 03:00:00,30.0,95.0,1004.2,1,humidity_spike,1,0.030868075032975173,0,67.8,NORMAL,Sensor readings appear consistent with the learned normal pattern.
INM00043278,2026-05-16 06:00:00,34.0,63.0,1004.1,0,normal,1,0.09871451928656594,0,86.7,NORMAL,Sensor readings appear consistent with the learned normal pattern.
INM00043278,2026-05-16 09:00:00,34.8,61.0,1002.6,0,normal,1,0.06033774165702338,0,76.0,NORMAL,Sensor readings appear consistent with the learned normal pattern.
INM00043278,2026-05-16 12:00:00,32.0,78.0,1002.2,0,normal,1,0.08466734170849854,0,82.8,NORMAL,Sensor readings appear consistent with the learned normal pattern.
INM00043278,2026-05-16 15:00:00,30.2,83.0,1003.1,0,normal,1,0.08587650834682325,0,83.1,NORMAL,Sensor readings appear consistent with the learned normal pattern.
INM00043278,2026-05-17 00:00:00,28.6,88.0,1003.6,0,normal,1,0.06689035419931172,0,77.8,NORMAL,Sensor readings appear consistent with the learned normal pattern.
INM00043278,2026-05-17 03:00:00,51.4,91.0,1005.6,1,humidity_spike,-1,-0.13596399284680416,1,21.3,WARNING,Anomaly detected because temperature is unusually high.
INM00043278,2026-05-17 06:00:00,33.4,68.0,1004.8,0,normal,1,0.11894018158280578,0,92.4,NORMAL,Sensor readings appear consistent with the learned normal pattern.
INM00043278,2026-05-17 09:00:00,34.0,67.0,1002.1,0,normal,1,0.06810660443504424,0,78.2,NORMAL,Sensor readings appear consistent with the learned normal pattern.
INM00043278,2026-05-17 12:00:00,32.2,75.0,1001.8,0,normal,1,0.0754119608417223,0,80.2,NORMAL,Sensor readings appear consistent with the learned normal pattern.
INM00043278,2026-05-17 15:00:00,30.7,82.0,1004.7,0,normal,1,0.12465428523618066,0,94.0,NORMAL,Sensor readings appear consistent with the learned normal pattern.
INM00043278,2026-05-18 00:00:00,29.0,82.0,1003.6,0,normal,1,0.08838485781613614,0,83.8,NORMAL,Sensor readings appear consistent with the learned normal pattern.
INM00043278,2026-05-18 03:00:00,31.8,67.0,1005.3,0,normal,1,0.12989822099923182,0,95.4,NORMAL,Sensor readings appear consistent with the learned normal pattern.
INM00043278,2026-05-18 06:00:00,34.6,64.0,1004.8,0,normal,1,0.10304695024797178,0,87.9,NORMAL,Sensor readings appear consistent with the learned normal pattern.
INM00043278,2026-05-18 09:00:00,34.6,65.0,1002.3,0,normal,1,0.06367202691519264,0,76.9,NORMAL,Sensor readings appear consistent with the learned normal pattern.
INM00043278,2026-05-18 12:00:00,32.4,74.0,1001.7,0,normal,1,0.06779187779953505,0,78.1,NORMAL,Sensor readings appear consistent with the learned normal pattern.
INM00043278,2026-05-18 15:00:00,30.5,86.0,1004.0,0,normal,1,0.09965771204242141,0,87.0,NORMAL,Sensor readings appear consistent with the learned normal pattern.
INM00043278,2026-05-19 00:00:00,29.2,79.0,1003.8,0,normal,1,0.10284372134525449,0,87.9,NORMAL,Sensor readings appear consistent with the learned normal pattern.
INM00043278,2026-05-19 03:00:00,32.0,65.0,1005.4,0,normal,1,0.12328298213633254,0,93.6,NORMAL,Sensor readings appear consistent with the learned normal pattern.
INM00043278,2026-05-19 06:00:00,36.0,51.0,1004.8,0,normal,1,0.05097829216147193,0,73.4,NORMAL,Sensor readings appear consistent with the learned normal pattern.
INM00043278,2026-05-19 09:00:00,38.0,44.0,1002.0,0,normal,-1,-0.06605823946355127,1,40.8,SUSPICIOUS,"The combination of temperature, humidity and pressure differs significantly from the learned normal pattern."
INM00043278,2026-05-19 12:00:00,33.2,66.0,1001.1,0,normal,1,0.034071837009432004,0,68.7,NORMAL,Sensor readings appear consistent with the learned normal pattern.
INM00043278,2026-05-19 15:00:00,30.8,78.0,1003.5,0,normal,1,0.1132350978679868,0,90.8,NORMAL,Sensor readings appear consistent with the learned normal pattern.
INM00043278,2026-05-20 00:00:00,29.2,76.0,1003.0,0,normal,1,0.08376520377471391,0,82.6,NORMAL,Sensor readings appear consistent with the learned normal pattern.
INM00043278,2026-05-20 03:00:00,32.8,62.0,1004.6,0,normal,1,0.10494134685993384,0,88.5,NORMAL,Sensor readings appear consistent with the learned normal pattern.
INM00043278,2026-05-20 06:00:00,37.6,48.0,1003.4,0,normal,-1,-0.01073456267467321,1,56.2,SUSPICIOUS,"The combination of temperature, humidity and pressure differs significantly from the learned normal pattern."
INM00043278,2026-05-20 09:00:00,40.2,57.0,1010.8,1,humidity_spike,-1,-0.03428400417558897,1,49.6,SUSPICIOUS,"The combination of temperature, humidity and pressure differs significantly from the learned normal pattern."
INM00043278,2026-05-20 12:00:00,35.4,63.0,1000.3,0,normal,1,0.013576052895020063,0,63.0,NORMAL,Sensor readings appear consistent with the learned normal pattern.
INM00043278,2026-05-20 15:00:00,33.0,71.0,1002.8,0,normal,1,0.09348369929425748,0,85.3,NORMAL,Sensor readings appear consistent with the learned normal pattern.
INM00043278,2026-05-21 00:00:00,31.2,72.0,1002.3,0,normal,1,0.08168679758503578,0,82.0,NORMAL,Sensor readings appear consistent with the learned normal pattern.
INM00043278,2026-05-21 03:00:00,34.2,60.0,1004.0,0,normal,1,0.08495430842057494,0,82.9,NORMAL,Sensor readings appear consistent with the learned normal pattern.
INM00043278,2026-05-21 09:00:00,36.3,61.0,1001.2,0,normal,1,0.009480632231116837,0,61.8,NORMAL,Sensor readings appear consistent with the learned normal pattern.
INM00043278,2026-05-21 12:00:00,34.0,66.0,1001.5,0,normal,1,0.05011130818807452,0,73.2,NORMAL,Sensor readings appear consistent with the learned normal pattern.
INM00043278,2026-05-21 15:00:00,33.0,72.0,1003.8,0,normal,1,0.11156329488661437,0,90.3,NORMAL,Sensor readings appear consistent with the learned normal pattern.
INM00043278,2026-05-22 00:00:00,30.6,84.0,1003.5,0,normal,1,0.09488272501910955,0,85.7,NORMAL,Sensor readings appear consistent with the learned normal pattern.
INM00043278,2026-05-22 03:00:00,33.4,59.0,1005.4,0,normal,1,0.10063917091648628,0,87.3,NORMAL,Sensor readings appear consistent with the learned normal pattern.
INM00043278,2026-05-22 06:00:00,38.2,45.0,1005.2,0,normal,-1,-0.033232006821190097,1,49.9,SUSPICIOUS,"The combination of temperature, humidity and pressure differs significantly from the learned normal pattern."
INM00043278,2026-05-23 03:00:00,31.0,69.0,1005.7,0,normal,1,0.13199456169993878,0,96.0,NORMAL,Sensor readings appear consistent with the learned normal pattern.
INM00043278,2026-05-23 12:00:00,32.0,63.0,1004.6,0,normal,1,0.11027089820016373,0,89.9,NORMAL,Sensor readings appear consistent with the learned normal pattern.
INM00043278,2026-05-24 00:00:00,30.0,72.0,1004.7,0,normal,1,0.12653048835796604,0,94.5,NORMAL,Sensor readings appear consistent with the learned normal pattern.
INM00043278,2026-05-24 03:00:00,33.0,62.0,1006.4,0,normal,1,0.11185703967742072,0,90.4,NORMAL,Sensor readings appear consistent with the learned normal pattern.
INM00043278,2026-05-24 06:00:00,37.3,47.0,1006.3,0,normal,-1,-0.0011968012915272164,1,58.9,SUSPICIOUS,"The combination of temperature, humidity and pressure differs significantly from the learned normal pattern."
INM00043278,2026-05-24 09:00:00,36.4,55.0,1004.5,0,normal,1,0.07369492523272547,0,79.7,NORMAL,Sensor readings appear consistent with the learned normal pattern.
INM00043278,2026-05-25 06:00:00,38.0,44.0,1005.7,0,normal,-1,-0.030340278750645377,1,50.7,SUSPICIOUS,"The combination of temperature, humidity and pressure differs significantly from the learned normal pattern."
INM00043278,2026-05-25 09:00:00,34.5,61.0,1003.8,0,normal,1,0.08397005172510852,0,82.6,NORMAL,Sensor readings appear consistent with the learned normal pattern.
INM00043278,2026-05-25 12:00:00,34.5,59.0,1003.5,0,normal,1,0.07316414723971759,0,79.6,NORMAL,Sensor readings appear consistent with the learned normal pattern.
INM00043278,2026-05-25 15:00:00,32.2,71.0,1005.8,0,normal,1,0.1305446718872828,0,95.6,NORMAL,Sensor readings appear consistent with the learned normal pattern.
INM00043278,2026-05-26 00:00:00,30.0,78.0,1005.4,0,normal,1,0.1361630859134878,0,97.2,NORMAL,Sensor readings appear consistent with the learned normal pattern.
INM00043278,2026-05-26 03:00:00,32.9,64.0,1006.4,0,normal,1,0.11817003103440527,0,92.2,NORMAL,Sensor readings appear consistent with the learned normal pattern.
INM00043278,2026-05-26 06:00:00,38.0,45.0,1006.2,0,normal,-1,-0.028128684146870975,1,51.3,SUSPICIOUS,"The combination of temperature, humidity and pressure differs significantly from the learned normal pattern."
INM00043278,2026-05-26 09:00:00,36.0,59.0,1003.6,0,normal,1,0.06079763921037634,0,76.1,NORMAL,Sensor readings appear consistent with the learned normal pattern.
INM00043278,2026-05-26 12:00:00,33.1,69.0,1004.8,0,normal,1,0.12310159611216404,0,93.5,NORMAL,Sensor readings appear consistent with the learned normal pattern.
INM00043278,2026-05-26 15:00:00,31.2,58.0,1006.9,0,normal,1,0.10575173453759068,0,88.7,NORMAL,Sensor readings appear consistent with the learned normal pattern.
INM00043278,2026-05-27 00:00:00,29.0,67.0,1006.6,0,normal,1,0.11360852041901875,0,90.9,NORMAL,Sensor readings appear consistent with the learned normal pattern.
INM00043278,2026-05-27 03:00:00,32.8,67.0,1008.2,0,normal,1,0.12158279120425913,0,93.1,NORMAL,Sensor readings appear consistent with the learned normal pattern.
INM00043278,2026-05-27 06:00:00,36.2,61.0,1006.9,0,normal,1,0.07523950346565672,0,80.2,NORMAL,Sensor readings appear consistent with the learned normal pattern.
INM00043278,2026-05-27 09:00:00,36.0,56.0,1005.2,0,normal,1,0.08200778504644918,0,82.1,NORMAL,Sensor readings appear consistent with the learned normal pattern.
INM00043278,2026-05-27 12:00:00,33.1,68.0,1005.2,0,normal,1,0.12236665728512813,0,93.3,NORMAL,Sensor readings appear consistent with the learned normal pattern.
INM00043278,2026-05-27 15:00:00,31.6,65.0,1007.3,0,normal,1,0.13185013498003922,0,96.0,NORMAL,Sensor readings appear consistent with the learned normal pattern.
INM00043278,2026-05-28 00:00:00,30.0,83.0,1006.6,0,normal,1,0.13398442478553585,0,96.6,NORMAL,Sensor readings appear consistent with the learned normal pattern.
INM00043278,2026-05-28 03:00:00,33.0,66.0,1007.8,0,normal,1,0.12082149588815128,0,92.9,NORMAL,Sensor readings appear consistent with the learned normal pattern.
INM00043278,2026-05-28 06:00:00,38.0,49.0,1007.2,0,normal,1,0.007452463008545296,0,61.3,NORMAL,Sensor readings appear consistent with the learned normal pattern.
INM00043278,2026-05-28 09:00:00,36.5,62.0,1004.7,0,normal,1,0.07298012482615901,0,79.5,NORMAL,Sensor readings appear consistent with the learned normal pattern.
INM00043278,2026-05-28 12:00:00,34.0,69.0,1004.8,0,normal,1,0.11368857619539419,0,90.9,NORMAL,Sensor readings appear consistent with the learned normal pattern.
INM00043278,2026-05-28 15:00:00,31.4,83.0,1006.5,0,normal,1,0.12347296323314483,0,93.6,NORMAL,Sensor readings appear consistent with the learned normal pattern.
INM00043278,2026-05-29 00:00:00,27.8,84.0,1007.1,0,normal,1,0.11477893921023341,0,91.2,NORMAL,Sensor readings appear consistent with the learned normal pattern.
INM00043278,2026-05-29 03:00:00,28.9,76.0,1005.2,0,normal,1,0.120809595533723,0,92.9,NORMAL,Sensor readings appear consistent with the learned normal pattern.
INM00043278,2026-05-29 06:00:00,35.6,51.0,1006.2,0,normal,1,0.05717179158571184,0,75.1,NORMAL,Sensor readings appear consistent with the learned normal pattern.
INM00043278,2026-05-29 09:00:00,33.6,67.0,1004.4,0,normal,1,0.11647128832327669,0,91.7,NORMAL,Sensor readings appear consistent with the learned normal pattern.
INM00043278,2026-05-29 12:00:00,32.8,69.0,1003.7,0,normal,1,0.10757655610667827,0,89.2,NORMAL,Sensor readings appear consistent with the learned normal pattern.
INM00043278,2026-05-29 15:00:00,31.0,84.0,1005.9,0,normal,1,0.12565818331192447,0,94.2,NORMAL,Sensor readings appear consistent with the learned normal pattern.
INM00043278,2026-05-30 00:00:00,29.0,71.0,1004.0,0,normal,1,0.09151131325485867,0,84.7,NORMAL,Sensor readings appear consistent with the learned normal pattern.
INM00043278,2026-05-30 03:00:00,32.0,64.0,1007.0,0,normal,1,0.1272566791113683,0,94.7,NORMAL,Sensor readings appear consistent with the learned normal pattern.
INM00043278,2026-05-30 06:00:00,33.0,69.0,1008.9,0,normal,1,0.1080749369954242,0,89.3,NORMAL,Sensor readings appear consistent with the learned normal pattern.
INM00043278,2026-05-30 09:00:00,34.0,61.0,1006.0,0,normal,1,0.10112517124898557,0,87.4,NORMAL,Sensor readings appear consistent with the learned normal pattern.
INM00043278,2026-05-30 12:00:00,33.7,61.0,1004.0,0,normal,1,0.09187998863355407,0,84.8,NORMAL,Sensor readings appear consistent with the learned normal pattern.
INM00043278,2026-05-30 15:00:00,30.7,75.0,1006.0,0,normal,1,0.1378841654869779,0,97.7,NORMAL,Sensor readings appear consistent with the learned normal pattern.
INM00043278,2026-05-31 00:00:00,29.8,78.0,1005.9,0,normal,1,0.1383803305900858,0,97.8,NORMAL,Sensor readings appear consistent with the learned normal pattern.
INM00043278,2026-05-31 03:00:00,32.7,63.0,1007.0,0,normal,1,0.11995925323146833,0,92.7,NORMAL,Sensor readings appear consistent with the learned normal pattern.
INM00043278,2026-05-31 06:00:00,38.0,42.0,1006.3,0,normal,-1,-0.041990714625311676,1,47.5,SUSPICIOUS,"The combination of temperature, humidity and pressure differs significantly from the learned normal pattern."
INM00043278,2026-05-31 09:00:00,34.4,72.0,1005.0,0,normal,1,0.10745204289701388,0,89.2,NORMAL,Sensor readings appear consistent with the learned normal pattern.
INM00043278,2026-05-31 12:00:00,33.1,70.0,1003.9,0,normal,1,0.10837139617905317,0,89.4,NORMAL,Sensor readings appear consistent with the learned normal pattern.
INM00043278,2026-05-31 15:00:00,31.4,79.0,1006.9,0,normal,1,0.13764129932153646,0,97.6,NORMAL,Sensor readings appear consistent with the learned normal pattern.
INM00043278,2026-06-01 00:00:00,29.2,74.0,1005.8,0,normal,1,0.12561290996350355,0,94.2,NORMAL,Sensor readings appear consistent with the learned normal pattern.
INM00043278,2026-06-01 03:00:00,32.4,62.0,1007.1,0,normal,1,0.11851375025463601,0,92.2,NORMAL,Sensor readings appear consistent with the learned normal pattern.
INM00043278,2026-06-01 06:00:00,37.8,50.0,1007.2,0,normal,1,0.0174853365771509,0,64.1,NORMAL,Sensor readings appear consistent with the learned normal pattern.
INM00043278,2026-06-01 09:00:00,33.0,72.0,1006.1,0,normal,1,0.12498845907059503,0,94.1,NORMAL,Sensor readings appear consistent with the learned normal pattern.
INM00043278,2026-06-01 12:00:00,31.4,79.0,1006.5,0,normal,1,0.13706976554193223,0,97.4,NORMAL,Sensor readings appear consistent with the learned normal pattern.
INM00043278,2026-06-01 15:00:00,31.2,71.0,1007.2,0,normal,1,0.13851608095462903,0,97.8,NORMAL,Sensor readings appear consistent with the learned normal pattern.
INM00043278,2026-06-02 03:00:00,32.3,76.0,1008.0,0,normal,1,0.12653354123714383,0,94.5,NORMAL,Sensor readings appear consistent with the learned normal pattern.
INM00043278,2026-06-02 06:00:00,36.0,59.0,1006.9,0,normal,1,0.07703826043662843,0,80.7,NORMAL,Sensor readings appear consistent with the learned normal pattern.
INM00043278,2026-06-02 09:00:00,34.8,72.0,1004.1,0,normal,1,0.09236824166349983,0,85.0,NORMAL,Sensor readings appear consistent with the learned normal pattern.
INM00043278,2026-06-02 12:00:00,32.6,79.0,1003.7,0,normal,1,0.10347835305942332,0,88.1,NORMAL,Sensor readings appear consistent with the learned normal pattern.
INM00043278,2026-06-02 15:00:00,31.2,81.0,1006.3,0,normal,1,0.13256156864579277,0,96.2,NORMAL,Sensor readings appear consistent with the learned normal pattern.
INM00043278,2026-06-03 00:00:00,29.0,83.0,1005.2,0,normal,1,0.11671528180185387,0,91.7,NORMAL,Sensor readings appear consistent with the learned normal pattern.
INM00043278,2026-06-03 03:00:00,32.0,67.0,1006.2,0,normal,1,0.132314056333742,0,96.1,NORMAL,Sensor readings appear consistent with the learned normal pattern.
INM00043278,2026-06-03 06:00:00,34.8,57.0,1003.3,0,normal,1,0.060412927448910525,0,76.0,NORMAL,Sensor readings appear consistent with the learned normal pattern.
INM00043278,2026-06-03 09:00:00,35.0,67.0,1002.2,0,normal,1,0.05853561777812544,0,75.5,NORMAL,Sensor readings appear consistent with the learned normal pattern.
INM00043278,2026-06-03 12:00:00,32.0,75.0,1002.4,0,normal,1,0.09172621671974301,0,84.8,NORMAL,Sensor readings appear consistent with the learned normal pattern.
INM00043278,2026-06-03 15:00:00,31.0,78.0,1003.9,0,normal,1,0.12172594746882387,0,93.1,NORMAL,Sensor readings appear consistent with the learned normal pattern.
INM00043278,2026-06-04 00:00:00,30.8,64.0,1003.9,0,normal,1,0.09466146067795878,0,85.6,NORMAL,Sensor readings appear consistent with the learned normal pattern.
INM00043278,2026-06-04 03:00:00,33.3,58.0,1005.0,0,normal,1,0.0966682260653936,0,86.2,NORMAL,Sensor readings appear consistent with the learned normal pattern.
INM00043278,2026-06-04 06:00:00,37.2,50.0,1004.3,0,normal,1,0.03607301851876715,0,69.2,NORMAL,Sensor readings appear consistent with the learned normal pattern.
INM00043278,2026-06-04 09:00:00,35.5,65.0,1002.4,0,normal,1,0.05344621504519359,0,74.1,NORMAL,Sensor readings appear consistent with the learned normal pattern.
INM00043278,2026-06-04 12:00:00,33.3,70.0,1001.8,0,normal,1,0.06521620451999244,0,77.4,NORMAL,Sensor readings appear consistent with the learned normal pattern.
INM00043278,2026-06-04 15:00:00,31.3,81.0,1003.5,0,normal,1,0.10271036001472,0,87.8,NORMAL,Sensor readings appear consistent with the learned normal pattern.
INM00043278,2026-06-05 00:00:00,31.0,71.0,1003.0,0,normal,1,0.09566553330768474,0,85.9,NORMAL,Sensor readings appear consistent with the learned normal pattern.
INM00043278,2026-06-05 03:00:00,33.8,59.0,1004.5,0,normal,1,0.09497613220145085,0,85.7,NORMAL,Sensor readings appear consistent with the learned normal pattern.
INM00043278,2026-06-05 06:00:00,38.0,50.0,1004.1,0,normal,1,0.018753967857268128,0,64.4,NORMAL,Sensor readings appear consistent with the learned normal pattern.
INM00043278,2026-06-05 09:00:00,39.8,47.0,1002.3,0,normal,-1,-0.07107908950887742,1,39.4,WARNING,"The combination of temperature, humidity and pressure differs significantly from the learned normal pattern."
INM00043278,2026-06-05 12:00:00,30.7,77.0,1001.7,0,normal,1,0.06156234977922814,0,76.4,NORMAL,Sensor readings appear consistent with the learned normal pattern.
INM00043278,2026-06-05 15:00:00,31.0,83.0,1004.1,0,normal,1,0.11361322258718637,0,90.9,NORMAL,Sensor readings appear consistent with the learned normal pattern.
INM00043278,2026-06-06 00:00:00,30.5,70.0,1003.5,0,normal,1,0.09997429534649338,0,87.1,NORMAL,Sensor readings appear consistent with the learned normal pattern.
INM00043278,2026-06-06 03:00:00,34.0,59.0,1005.3,0,normal,1,0.10237499490017976,0,87.7,NORMAL,Sensor readings appear consistent with the learned normal pattern.
INM00043278,2026-06-06 06:00:00,37.0,52.0,1005.0,0,normal,1,0.05183326818060818,0,73.6,NORMAL,Sensor readings appear consistent with the learned normal pattern.
INM00043278,2026-06-06 09:00:00,37.8,52.0,1002.2,0,normal,-1,-0.004505010108976859,1,57.9,SUSPICIOUS,"The combination of temperature, humidity and pressure differs significantly from the learned normal pattern."
INM00043278,2026-06-06 12:00:00,33.0,79.0,1001.8,0,normal,1,0.05862715941025337,0,75.5,NORMAL,Sensor readings appear consistent with the learned normal pattern.
INM00043278,2026-06-06 15:00:00,31.0,91.0,1003.9,0,normal,1,0.061242111596508164,0,76.3,NORMAL,Sensor readings appear consistent with the learned normal pattern.
INM00043278,2026-06-07 00:00:00,31.0,72.0,1004.5,0,normal,1,0.1274367439287712,0,94.7,NORMAL,Sensor readings appear consistent with the learned normal pattern.
INM00043278,2026-06-07 03:00:00,32.8,68.0,1006.4,0,normal,1,0.1229685995080772,0,93.5,NORMAL,Sensor readings appear consistent with the learned normal pattern.
INM00043278,2026-06-07 06:00:00,36.2,59.0,1005.5,0,normal,1,0.08383864687661657,0,82.6,NORMAL,Sensor readings appear consistent with the learned normal pattern.
INM00043278,2026-06-07 09:00:00,39.0,52.0,1003.0,0,normal,-1,-0.009647788300168436,1,56.5,SUSPICIOUS,"The combination of temperature, humidity and pressure differs significantly from the learned normal pattern."
INM00043278,2026-06-07 12:00:00,33.0,77.0,1002.3,0,normal,1,0.07751015540797046,0,80.8,NORMAL,Sensor readings appear consistent with the learned normal pattern.
INM00043278,2026-06-07 15:00:00,56.6,87.0,1005.3,1,temperature_spike,-1,-0.15270960638630715,1,16.6,CRITICAL,Anomaly detected because temperature is unusually high.
INM00043278,2026-06-08 00:00:00,26.6,97.0,1005.3,0,normal,1,0.009329424335504322,0,61.8,NORMAL,Sensor readings appear consistent with the learned normal pattern.
INM00043278,2026-06-08 03:00:00,33.8,64.0,1007.4,0,normal,1,0.10857319292169049,0,89.5,NORMAL,Sensor readings appear consistent with the learned normal pattern.
INM00043278,2026-06-08 06:00:00,37.0,55.0,1005.9,0,normal,1,0.06930832992352776,0,78.5,NORMAL,Sensor readings appear consistent with the learned normal pattern.
INM00043278,2026-06-08 09:00:00,38.5,53.0,1003.2,0,normal,1,0.000674947137563775,0,59.4,NORMAL,Sensor readings appear consistent with the learned normal pattern.
INM00043278,2026-06-08 12:00:00,34.8,72.0,1002.6,0,normal,1,0.06506556443183675,0,77.3,NORMAL,Sensor readings appear consistent with the learned normal pattern.
INM00043278,2026-06-08 15:00:00,31.2,90.0,1004.8,0,normal,1,0.07790368815371151,0,80.9,NORMAL,Sensor readings appear consistent with the learned normal pattern.
INM00043278,2026-06-09 00:00:00,31.4,85.0,1004.6,1,humidity_spike,1,0.10701127171222669,0,89.0,NORMAL,Sensor readings appear consistent with the learned normal pattern.
INM00043278,2026-06-09 03:00:00,33.5,67.0,1006.3,0,normal,1,0.1198096158255495,0,92.6,NORMAL,Sensor readings appear consistent with the learned normal pattern.
INM00043278,2026-06-09 06:00:00,35.2,80.0,969.7,1,humidity_spike,-1,-0.10269021068169859,1,30.5,WARNING,Anomaly detected because pressure is outside the expected range.
INM00043278,2026-06-09 09:00:00,38.2,58.0,1002.7,0,normal,1,0.0016452257603364329,0,59.6,NORMAL,Sensor readings appear consistent with the learned normal pattern.
INM00043278,2026-06-09 12:00:00,33.9,73.0,1001.4,0,normal,1,0.04865846984551592,0,72.8,NORMAL,Sensor readings appear consistent with the learned normal pattern.
INM00043278,2026-06-09 15:00:00,32.9,80.0,1005.0,0,normal,1,0.10600656737479364,0,88.8,NORMAL,Sensor readings appear consistent with the learned normal pattern.
INM00043278,2026-06-10 00:00:00,29.9,75.0,1005.0,0,normal,1,0.1305945775838237,0,95.6,NORMAL,Sensor readings appear consistent with the learned normal pattern.
INM00043278,2026-06-10 03:00:00,32.6,73.0,1006.1,0,normal,1,0.1284355584494532,0,95.0,NORMAL,Sensor readings appear consistent with the learned normal pattern.
INM00043278,2026-06-10 06:00:00,36.0,65.0,1005.1,0,normal,1,0.08791561545198201,0,83.7,NORMAL,Sensor readings appear consistent with the learned normal pattern.
INM00043278,2026-06-10 09:00:00,38.6,59.0,1002.7,0,normal,-1,-0.005765987236190706,1,57.6,SUSPICIOUS,"The combination of temperature, humidity and pressure differs significantly from the learned normal pattern."
INM00043278,2026-06-10 12:00:00,35.0,71.0,1002.6,0,normal,1,0.06188577078448654,0,76.5,NORMAL,Sensor readings appear consistent with the learned normal pattern.
INM00043278,2026-06-10 15:00:00,32.9,80.0,1004.1,0,normal,1,0.09786474098390519,0,86.5,NORMAL,Sensor readings appear consistent with the learned normal pattern.
INM00043278,2026-06-11 00:00:00,31.6,75.0,1003.2,0,normal,1,0.1088413835706617,0,89.5,NORMAL,Sensor readings appear consistent with the learned normal pattern.
INM00043278,2026-06-11 03:00:00,31.8,69.0,1005.9,0,normal,1,0.1331120700616169,0,96.3,NORMAL,Sensor readings appear consistent with the learned normal pattern.
INM00043278,2026-06-11 06:00:00,34.8,68.0,1005.9,0,normal,1,0.10469663654855205,0,88.4,NORMAL,Sensor readings appear consistent with the learned normal pattern.
INM00043278,2026-06-11 09:00:00,31.4,88.0,1004.7,0,normal,1,0.09267044489263809,0,85.0,NORMAL,Sensor readings appear consistent with the learned normal pattern.
INM00043278,2026-06-11 12:00:00,31.0,91.0,1003.4,0,normal,1,0.04651209387440508,0,72.2,NORMAL,Sensor readings appear consistent with the learned normal pattern.
INM00043278,2026-06-11 15:00:00,30.6,86.0,1005.1,0,normal,1,0.11587175963322988,0,91.5,NORMAL,Sensor readings appear consistent with the learned normal pattern.
INM00043278,2026-06-12 00:00:00,30.1,92.0,1004.5,0,normal,1,0.06310296356154788,0,76.8,NORMAL,Sensor readings appear consistent with the learned normal pattern.
INM00043278,2026-06-12 03:00:00,31.8,78.0,1007.0,0,normal,1,0.13338817053846197,0,96.4,NORMAL,Sensor readings appear consistent with the learned normal pattern.
INM00043278,2026-06-12 06:00:00,33.6,73.0,1007.1,0,normal,1,0.1127236735213592,0,90.6,NORMAL,Sensor readings appear consistent with the learned normal pattern.
INM00043278,2026-06-12 09:00:00,31.0,86.0,1004.7,0,normal,1,0.11245306224239748,0,90.6,NORMAL,Sensor readings appear consistent with the learned normal pattern.
INM00043278,2026-06-12 12:00:00,31.8,80.0,1004.9,0,normal,1,0.12395922139559634,0,93.8,NORMAL,Sensor readings appear consistent with the learned normal pattern.
INM00043278,2026-06-12 15:00:00,30.2,94.0,1006.2,0,normal,1,0.06317677650799558,0,76.8,NORMAL,Sensor readings appear consistent with the learned normal pattern.
INM00043278,2026-06-13 00:00:00,28.0,90.0,1006.5,0,normal,1,0.10593855941658448,0,88.7,NORMAL,Sensor readings appear consistent with the learned normal pattern.
INM00043278,2026-06-13 03:00:00,28.7,90.0,1008.6,0,normal,1,0.09979042507375885,0,87.0,NORMAL,Sensor readings appear consistent with the learned normal pattern.
INM00043278,2026-06-13 06:00:00,34.4,69.0,1007.2,0,normal,1,0.1028985111011923,0,87.9,NORMAL,Sensor readings appear consistent with the learned normal pattern.
INM00043278,2026-06-13 09:00:00,37.8,65.0,1005.2,0,normal,1,0.05368232382496385,0,74.2,NORMAL,Sensor readings appear consistent with the learned normal pattern.
INM00043278,2026-06-13 12:00:00,32.0,86.0,1004.3,0,normal,1,0.09355140055440175,0,85.3,NORMAL,Sensor readings appear consistent with the learned normal pattern.
INM00043278,2026-06-13 15:00:00,30.2,97.0,1006.4,0,normal,1,0.029972667267188502,0,67.5,NORMAL,Sensor readings appear consistent with the learned normal pattern.
INM00043278,2026-06-14 00:00:00,28.8,91.0,1005.8,0,normal,1,0.09594715971643514,0,86.0,NORMAL,Sensor readings appear consistent with the learned normal pattern.
INM00043278,2026-06-14 03:00:00,29.8,88.0,1007.0,0,normal,1,0.11881323131817773,0,92.3,NORMAL,Sensor readings appear consistent with the learned normal pattern.
INM00043278,2026-06-14 06:00:00,34.8,72.0,1005.9,0,normal,1,0.10198809287914806,0,87.6,NORMAL,Sensor readings appear consistent with the learned normal pattern.
INM00043278,2026-06-14 09:00:00,37.1,68.0,1004.0,0,normal,1,0.04745311649278783,0,72.4,NORMAL,Sensor readings appear consistent with the learned normal pattern.
INM00043278,2026-06-14 12:00:00,34.4,77.0,1003.2,0,normal,1,0.070219001111824,0,78.8,NORMAL,Sensor readings appear consistent with the learned normal pattern.
INM00043278,2026-06-14 15:00:00,31.2,87.0,1005.4,0,normal,1,0.1040321372808205,0,88.2,NORMAL,Sensor readings appear consistent with the learned normal pattern.
INM00043278,2026-06-15 00:00:00,29.6,85.0,1004.7,0,normal,1,0.11988457150531628,0,92.6,NORMAL,Sensor readings appear consistent with the learned normal pattern.
INM00043278,2026-06-15 03:00:00,32.8,78.0,1005.9,0,normal,1,0.12198745531035293,0,93.2,NORMAL,Sensor readings appear consistent with the learned normal pattern.
INM00043278,2026-06-15 06:00:00,33.2,72.0,1004.9,0,normal,1,0.12061544249580514,0,92.8,NORMAL,Sensor readings appear consistent with the learned normal pattern.
INM00043278,2026-06-15 09:00:00,35.4,57.0,1003.3,0,normal,1,0.0615249374111938,0,76.3,NORMAL,Sensor readings appear consistent with the learned normal pattern.
INM00043278,2026-06-15 12:00:00,33.3,58.0,1002.9,0,normal,1,0.05665241898316886,0,75.0,NORMAL,Sensor readings appear consistent with the learned normal pattern.
INM00043278,2026-06-15 15:00:00,32.0,61.0,1005.0,0,normal,1,0.1089455354154511,0,89.6,NORMAL,Sensor readings appear consistent with the learned normal pattern.
INM00043278,2026-06-16 00:00:00,29.9,74.0,1004.5,0,normal,1,0.12201667507800418,0,93.2,NORMAL,Sensor readings appear consistent with the learned normal pattern.
INM00043278,2026-06-16 03:00:00,32.6,63.0,1006.4,0,normal,1,0.11578662729962852,0,91.5,NORMAL,Sensor readings appear consistent with the learned normal pattern.
INM00043278,2026-06-16 06:00:00,37.3,43.0,1005.4,0,normal,-1,-0.02846235941279396,1,51.2,SUSPICIOUS,"The combination of temperature, humidity and pressure differs significantly from the learned normal pattern."
INM00043278,2026-06-16 09:00:00,38.0,51.0,1003.2,0,normal,1,0.011768403713771414,0,62.5,NORMAL,Sensor readings appear consistent with the learned normal pattern.
INM00043278,2026-06-16 12:00:00,33.8,58.0,1002.4,0,normal,1,0.04637851786904662,0,72.1,NORMAL,Sensor readings appear consistent with the learned normal pattern.
INM00043278,2026-06-16 15:00:00,32.4,65.0,1005.3,0,normal,1,0.12105386427850523,0,93.0,NORMAL,Sensor readings appear consistent with the learned normal pattern.
INM00043278,2026-06-17 00:00:00,29.6,77.0,1005.4,0,normal,1,0.13359366889932472,0,96.5,NORMAL,Sensor readings appear consistent with the learned normal pattern.
INM00043278,2026-06-17 03:00:00,30.2,78.0,1006.7,0,normal,1,0.14286718663067027,0,99.0,NORMAL,Sensor readings appear consistent with the learned normal pattern.
INM00043278,2026-06-17 06:00:00,36.0,55.0,1005.9,0,normal,1,0.08320768088279562,0,82.4,NORMAL,Sensor readings appear consistent with the learned normal pattern.
INM00043278,2026-06-17 09:00:00,35.5,63.0,1003.2,0,normal,1,0.0656250980920916,0,77.5,NORMAL,Sensor readings appear consistent with the learned normal pattern.
INM00043278,2026-06-17 12:00:00,32.4,73.0,1002.9,0,normal,1,0.1019624530716472,0,87.6,NORMAL,Sensor readings appear consistent with the learned normal pattern.
INM00043278,2026-06-17 15:00:00,31.2,80.0,1005.3,0,normal,1,0.13109269299119608,0,95.8,NORMAL,Sensor readings appear consistent with the learned normal pattern.
INM00043278,2026-06-18 00:00:00,29.0,76.0,1005.4,0,normal,1,0.12630676065708546,0,94.4,NORMAL,Sensor readings appear consistent with the learned normal pattern.
INM00043278,2026-06-18 03:00:00,30.2,76.0,1007.7,0,normal,1,0.14133078522659415,0,98.6,NORMAL,Sensor readings appear consistent with the learned normal pattern.
INM00043278,2026-06-18 06:00:00,35.3,59.0,1006.1,0,normal,1,0.09120282215773828,0,84.6,NORMAL,Sensor readings appear consistent with the learned normal pattern.
INM00043278,2026-06-18 09:00:00,37.8,50.0,1003.8,0,normal,1,0.012659096952971849,0,62.7,NORMAL,Sensor readings appear consistent with the learned normal pattern.
INM00043278,2026-06-18 12:00:00,26.1,95.0,1004.5,0,normal,1,0.01117480274871896,0,62.3,NORMAL,Sensor readings appear consistent with the learned normal pattern.
INM00043278,2026-06-18 15:00:00,28.9,83.0,1005.9,0,normal,1,0.12358720832873193,0,93.7,NORMAL,Sensor readings appear consistent with the learned normal pattern.
INM00043278,2026-06-19 00:00:00,28.2,91.0,1006.1,0,normal,1,0.09715424815779722,0,86.3,NORMAL,Sensor readings appear consistent with the learned normal pattern.
INM00043278,2026-06-19 03:00:00,29.6,83.0,1007.2,0,normal,1,0.13540141639198605,0,97.0,NORMAL,Sensor readings appear consistent with the learned normal pattern.
INM00043278,2026-06-19 06:00:00,33.4,65.0,1006.6,0,normal,1,0.11832196206532869,0,92.2,NORMAL,Sensor readings appear consistent with the learned normal pattern.
INM00043278,2026-06-19 09:00:00,36.6,56.0,1004.8,0,normal,1,0.0724432396402323,0,79.4,NORMAL,Sensor readings appear consistent with the learned normal pattern.
INM00043278,2026-06-19 12:00:00,32.6,72.0,1004.2,0,normal,1,0.12378352988094665,0,93.7,NORMAL,Sensor readings appear consistent with the learned normal pattern.
INM00043278,2026-06-19 15:00:00,30.6,73.0,1006.9,0,normal,1,0.1374248781680671,0,97.5,NORMAL,Sensor readings appear consistent with the learned normal pattern.
INM00043278,2026-06-20 00:00:00,28.3,83.0,1005.0,0,normal,1,0.104844517861031,0,88.4,NORMAL,Sensor readings appear consistent with the learned normal pattern.
INM00043278,2026-06-20 03:00:00,30.3,78.0,1007.9,0,normal,1,0.1404479215281979,0,98.4,NORMAL,Sensor readings appear consistent with the learned normal pattern.
INM00043278,2026-06-20 06:00:00,32.9,71.0,1008.0,0,normal,1,0.11911134431794684,0,92.4,NORMAL,Sensor readings appear consistent with the learned normal pattern.
INM00043278,2026-06-20 09:00:00,34.6,72.0,1005.4,0,normal,1,0.10432499226984726,0,88.3,NORMAL,Sensor readings appear consistent with the learned normal pattern.
INM00043278,2026-06-20 12:00:00,32.9,73.0,1004.6,0,normal,1,0.12246648415271144,0,93.4,NORMAL,Sensor readings appear consistent with the learned normal pattern.
INM00043278,2026-06-20 15:00:00,30.7,79.0,1007.5,0,normal,1,0.13932043847762993,0,98.1,NORMAL,Sensor readings appear consistent with the learned normal pattern.
INM00043278,2026-06-21 00:00:00,28.6,85.0,1006.8,0,normal,1,0.11990635856767351,0,92.6,NORMAL,Sensor readings appear consistent with the learned normal pattern.
INM00043278,2026-06-21 03:00:00,30.6,76.0,1007.8,0,normal,1,0.13990896779484485,0,98.2,NORMAL,Sensor readings appear consistent with the learned normal pattern.
INM00043278,2026-06-21 06:00:00,36.0,52.0,1007.0,0,normal,1,0.056149708645898855,0,74.9,NORMAL,Sensor readings appear consistent with the learned normal pattern.
INM00043278,2026-06-21 09:00:00,33.0,70.0,1005.6,0,normal,1,0.12531481666854738,0,94.1,NORMAL,Sensor readings appear consistent with the learned normal pattern.
INM00043278,2026-06-21 12:00:00,31.3,78.0,1006.1,0,normal,1,0.13919237538144608,0,98.0,NORMAL,Sensor readings appear consistent with the learned normal pattern.
INM00043278,2026-06-21 15:00:00,28.2,87.0,1007.3,0,normal,1,0.11799443560979633,0,92.1,NORMAL,Sensor readings appear consistent with the learned normal pattern.
INM00043278,2026-06-22 03:00:00,29.4,77.0,1008.2,0,normal,1,0.13732411236497222,0,97.5,NORMAL,Sensor readings appear consistent with the learned normal pattern.
INM00043278,2026-06-22 06:00:00,33.4,68.0,1007.6,0,normal,1,0.11692901785251153,0,91.8,NORMAL,Sensor readings appear consistent with the learned normal pattern.
INM00043278,2026-06-22 09:00:00,34.8,69.0,1005.2,0,normal,1,0.10616749354244887,0,88.8,NORMAL,Sensor readings appear consistent with the learned normal pattern.
INM00043278,2026-06-22 12:00:00,32.4,77.0,1003.8,0,normal,1,0.11210316774356371,0,90.5,NORMAL,Sensor readings appear consistent with the learned normal pattern.
INM00043278,2026-06-22 15:00:00,30.0,74.0,1007.6,0,normal,1,0.13853874622723966,0,97.8,NORMAL,Sensor readings appear consistent with the learned normal pattern.
INM00043278,2026-06-23 03:00:00,32.0,65.0,1006.8,0,normal,1,0.12933133743245911,0,95.3,NORMAL,Sensor readings appear consistent with the learned normal pattern.
INM00043278,2026-06-23 06:00:00,36.0,55.0,1006.2,0,normal,1,0.07922441949644121,0,81.3,NORMAL,Sensor readings appear consistent with the learned normal pattern.
INM00043278,2026-06-23 09:00:00,37.9,52.0,1003.6,0,normal,1,0.017078014530838792,0,64.0,NORMAL,Sensor readings appear consistent with the learned normal pattern.
INM00043278,2026-06-23 12:00:00,32.2,78.0,1003.5,0,normal,1,0.10672627047846556,0,89.0,NORMAL,Sensor readings appear consistent with the learned normal pattern.
INM00043278,2026-06-23 15:00:00,27.9,98.0,1005.3,0,normal,1,0.013103117570539946,0,62.8,NORMAL,Sensor readings appear consistent with the learned normal pattern.
INM00043278,2026-06-24 00:00:00,29.2,75.0,1005.5,0,normal,1,0.1269186026310118,0,94.6,NORMAL,Sensor readings appear consistent with the learned normal pattern.
INM00043278,2026-06-24 03:00:00,30.5,70.0,1007.6,0,normal,1,0.1354244768960824,0,97.0,NORMAL,Sensor readings appear consistent with the learned normal pattern.
INM00043278,2026-06-24 06:00:00,34.9,59.0,1006.4,0,normal,1,0.09071936546283949,0,84.5,NORMAL,Sensor readings appear consistent with the learned normal pattern.
INM00043278,2026-06-24 09:00:00,35.6,56.0,1004.6,0,normal,1,0.08199292936290076,0,82.1,NORMAL,Sensor readings appear consistent with the learned normal pattern.
INM00043278,2026-06-24 12:00:00,33.7,71.0,1003.0,0,normal,1,0.08807101303198084,0,83.8,NORMAL,Sensor readings appear consistent with the learned normal pattern.
INM00043278,2026-06-24 15:00:00,31.4,76.0,1004.6,0,normal,1,0.13416950540716194,0,96.6,NORMAL,Sensor readings appear consistent with the learned normal pattern.
INM00043278,2026-06-25 00:00:00,30.0,73.0,1005.4,0,normal,1,0.1297958596708122,0,95.4,NORMAL,Sensor readings appear consistent with the learned normal pattern.
INM00043278,2026-06-25 03:00:00,32.2,66.0,1007.0,0,normal,1,0.12906348132513978,0,95.2,NORMAL,Sensor readings appear consistent with the learned normal pattern.
INM00043278,2026-06-25 06:00:00,35.6,55.0,1005.7,0,normal,1,0.08683499730884031,0,83.4,NORMAL,Sensor readings appear consistent with the learned normal pattern.
INM00043278,2026-06-25 09:00:00,39.0,46.0,1003.7,0,normal,-1,-0.05339484289857832,1,44.3,SUSPICIOUS,"The combination of temperature, humidity and pressure differs significantly from the learned normal pattern."
INM00043278,2026-06-25 12:00:00,32.2,78.0,1002.3,0,normal,1,0.08364063510446273,0,82.5,NORMAL,Sensor readings appear consistent with the learned normal pattern.
INM00043278,2026-06-25 15:00:00,30.8,84.0,1004.9,0,normal,1,0.12177565058277778,0,93.2,NORMAL,Sensor readings appear consistent with the learned normal pattern.
INM00043278,2026-06-26 00:00:00,28.7,103.0,1005.1,1,humidity_spike,-1,-0.024337157388995778,1,52.4,SUSPICIOUS,Anomaly detected because humidity is outside the normal physical range.
INM00043278,2026-06-26 03:00:00,30.2,77.0,1006.9,0,normal,1,0.14398186650829742,0,99.4,NORMAL,Sensor readings appear consistent with the learned normal pattern.
INM00043278,2026-06-26 06:00:00,34.8,63.0,1005.9,0,normal,1,0.10116250428690432,0,87.4,NORMAL,Sensor readings appear consistent with the learned normal pattern.
INM00043278,2026-06-26 09:00:00,37.0,55.0,1003.9,0,normal,1,0.05164285082879477,0,73.6,NORMAL,Sensor readings appear consistent with the learned normal pattern.
INM00043278,2026-06-26 12:00:00,32.8,70.0,1003.1,0,normal,1,0.094944282492129,0,85.7,NORMAL,Sensor readings appear consistent with the learned normal pattern.
INM00043278,2026-06-26 15:00:00,30.4,86.0,1004.9,0,normal,1,0.1202136862703565,0,92.7,NORMAL,Sensor readings appear consistent with the learned normal pattern.
INM00043278,2026-06-27 00:00:00,29.0,85.0,1004.3,0,normal,1,0.1005864523124475,0,87.2,NORMAL,Sensor readings appear consistent with the learned normal pattern.
INM00043278,2026-06-27 03:00:00,32.9,70.0,1005.2,0,normal,1,0.12329287234183256,0,93.6,NORMAL,Sensor readings appear consistent with the learned normal pattern.
INM00043278,2026-06-27 06:00:00,36.8,57.0,1005.0,0,normal,1,0.07052464469217373,0,78.9,NORMAL,Sensor readings appear consistent with the learned normal pattern.
INM00043278,2026-06-27 09:00:00,36.8,62.0,1002.9,0,normal,1,0.03875522469460052,0,70.0,NORMAL,Sensor readings appear consistent with the learned normal pattern.
INM00043278,2026-06-27 12:00:00,33.2,72.0,1002.4,0,normal,1,0.08599584648424707,0,83.2,NORMAL,Sensor readings appear consistent with the learned normal pattern.
INM00043278,2026-06-27 15:00:00,30.4,86.0,1004.8,0,normal,1,0.11809527918939944,0,92.1,NORMAL,Sensor readings appear consistent with the learned normal pattern.
INM00043278,2026-06-28 00:00:00,27.0,100.0,1004.8,0,normal,-1,-0.018167091198674323,1,54.1,SUSPICIOUS,"The combination of temperature, humidity and pressure differs significantly from the learned normal pattern."
INM00043278,2026-06-28 03:00:00,30.9,79.0,1005.5,0,normal,1,0.13742240963397218,0,97.5,NORMAL,Sensor readings appear consistent with the learned normal pattern.
INM00043278,2026-06-28 06:00:00,35.1,64.0,1005.2,0,normal,1,0.09943001341214325,0,86.9,NORMAL,Sensor readings appear consistent with the learned normal pattern.
INM00043278,2026-06-28 09:00:00,35.0,71.0,1002.4,0,normal,1,0.05609056458810241,0,74.8,NORMAL,Sensor readings appear consistent with the learned normal pattern.
INM00043278,2026-06-28 12:00:00,34.0,78.0,1001.5,0,normal,1,0.03529715592193855,0,69.0,NORMAL,Sensor readings appear consistent with the learned normal pattern.
INM00043278,2026-06-28 15:00:00,30.3,88.0,1004.5,0,normal,1,0.09974320160488931,0,87.0,NORMAL,Sensor readings appear consistent with the learned normal pattern.
INM00043278,2026-06-29 00:00:00,28.0,89.0,1004.9,0,normal,1,0.09186494002827078,0,84.8,NORMAL,Sensor readings appear consistent with the learned normal pattern.
INM00043278,2026-06-29 06:00:00,35.7,56.0,1004.9,0,normal,1,0.08516644831992376,0,82.9,NORMAL,Sensor readings appear consistent with the learned normal pattern.
INM00043278,2026-06-29 09:00:00,34.8,67.0,1003.8,0,normal,1,0.08664336755913743,0,83.4,NORMAL,Sensor readings appear consistent with the learned normal pattern.
INM00043278,2026-06-29 12:00:00,33.2,72.0,1002.7,0,normal,1,0.09172417204330074,0,84.8,NORMAL,Sensor readings appear consistent with the learned normal pattern.
INM00043278,2026-06-29 15:00:00,30.6,87.0,1003.8,0,normal,1,0.08890399968795576,0,84.0,NORMAL,Sensor readings appear consistent with the learned normal pattern.
INM00043278,2026-06-30 00:00:00,29.8,73.0,1004.5,0,normal,1,0.12066704289606545,0,92.8,NORMAL,Sensor readings appear consistent with the learned normal pattern.
INM00043278,2026-06-30 03:00:00,32.6,64.0,1005.9,0,normal,1,0.11975296956708648,0,92.6,NORMAL,Sensor readings appear consistent with the learned normal pattern.
INM00043278,2026-06-30 06:00:00,29.6,76.0,937.4,0,normal,-1,-0.11015370013966819,1,28.5,WARNING,Anomaly detected because pressure is outside the expected range.
INM00043278,2026-06-30 09:00:00,38.0,46.0,1003.5,0,normal,-1,-0.03675955135642406,1,48.9,SUSPICIOUS,"The combination of temperature, humidity and pressure differs significantly from the learned normal pattern."
INM00043278,2026-06-30 12:00:00,28.9,99.0,1004.2,0,normal,-1,-0.0002551911406672991,1,59.1,SUSPICIOUS,"The combination of temperature, humidity and pressure differs significantly from the learned normal pattern."
INM00043278,2026-06-30 15:00:00,29.0,95.0,1004.5,0,normal,1,0.03215676763473063,0,68.2,NORMAL,Sensor readings appear consistent with the learned normal pattern.
INM00043278,2026-07-01 00:00:00,30.0,72.0,1004.1,0,normal,1,0.11660754966981735,0,91.7,NORMAL,Sensor readings appear consistent with the learned normal pattern.
INM00043278,2026-07-01 03:00:00,30.7,71.0,1005.8,0,normal,1,0.13245302861598096,0,96.1,NORMAL,Sensor readings appear consistent with the learned normal pattern.
INM00043278,2026-07-01 06:00:00,34.0,62.0,1004.8,0,normal,1,0.10543836971738402,0,88.6,NORMAL,Sensor readings appear consistent with the learned normal pattern.
INM00043278,2026-07-01 09:00:00,34.3,61.0,1002.8,0,normal,1,0.06477131764132682,0,77.3,NORMAL,Sensor readings appear consistent with the learned normal pattern.
INM00043278,2026-07-01 12:00:00,34.5,57.0,1002.1,0,normal,1,0.036534477840303836,0,69.4,NORMAL,Sensor readings appear consistent with the learned normal pattern.
INM00043278,2026-07-01 15:00:00,33.2,60.0,1004.0,0,normal,1,0.08781427602909875,0,83.7,NORMAL,Sensor readings appear consistent with the learned normal pattern.
INM00043278,2026-07-02 00:00:00,30.0,67.0,1004.5,0,normal,1,0.11071968923194792,0,90.1,NORMAL,Sensor readings appear consistent with the learned normal pattern.
INM00043278,2026-07-02 03:00:00,31.2,66.0,1005.3,0,normal,1,0.1242154962266665,0,93.8,NORMAL,Sensor readings appear consistent with the learned normal pattern.
INM00043278,2026-07-02 06:00:00,34.2,58.0,1005.2,0,normal,1,0.0974263704362015,0,86.4,NORMAL,Sensor readings appear consistent with the learned normal pattern.
INM00043278,2026-07-02 09:00:00,35.8,54.0,1002.9,0,normal,1,0.04260502932442839,0,71.1,NORMAL,Sensor readings appear consistent with the learned normal pattern.
INM00043278,2026-07-02 12:00:00,35.4,55.0,1002.5,0,normal,1,0.0419870363173902,0,70.9,NORMAL,Sensor readings appear consistent with the learned normal pattern.
INM00043278,2026-07-03 00:00:00,30.0,69.0,1004.8,0,normal,1,0.12028403588813957,0,92.7,NORMAL,Sensor readings appear consistent with the learned normal pattern.
INM00043278,2026-07-03 03:00:00,32.0,65.0,1005.7,0,normal,1,0.12525905343521904,0,94.1,NORMAL,Sensor readings appear consistent with the learned normal pattern.
INM00043278,2026-07-03 06:00:00,32.0,67.0,1005.4,0,normal,1,0.13000201996372895,0,95.5,NORMAL,Sensor readings appear consistent with the learned normal pattern.
INM00043278,2026-07-03 09:00:00,34.4,60.0,1003.7,0,normal,1,0.07898361757208278,0,81.2,NORMAL,Sensor readings appear consistent with the learned normal pattern.
INM00043278,2026-07-05 12:00:00,36.3,58.0,1001.6,0,normal,1,0.012673168667319823,0,62.7,NORMAL,Sensor readings appear consistent with the learned normal pattern.
INM00043278,2026-07-05 15:00:00,34.5,51.0,1003.6,0,normal,1,0.03508438888135301,0,69.0,NORMAL,Sensor readings appear consistent with the learned normal pattern.
INM00043278,2026-07-06 00:00:00,29.2,70.0,1004.4,0,normal,1,0.10257965028089061,0,87.8,NORMAL,Sensor readings appear consistent with the learned normal pattern.
INM00043278,2026-07-06 03:00:00,31.8,64.0,1005.0,0,normal,1,0.11933172617567545,0,92.5,NORMAL,Sensor readings appear consistent with the learned normal pattern.
INM00043278,2026-07-06 06:00:00,35.6,53.0,1004.4,0,normal,1,0.0612973668135256,0,76.3,NORMAL,Sensor readings appear consistent with the learned normal pattern.
INM00043278,2026-07-06 09:00:00,38.4,50.0,1001.7,0,normal,-1,-0.03489238158111363,1,49.5,SUSPICIOUS,"The combination of temperature, humidity and pressure differs significantly from the learned normal pattern."
INM00043278,2026-07-06 12:00:00,37.6,49.0,1001.3,0,normal,-1,-0.03653093692969356,1,49.0,SUSPICIOUS,"The combination of temperature, humidity and pressure differs significantly from the learned normal pattern."
INM00043278,2026-07-06 15:00:00,34.7,57.0,1003.8,0,normal,1,0.07373380383509553,0,79.8,NORMAL,Sensor readings appear consistent with the learned normal pattern.
INM00043278,2026-07-07 00:00:00,30.0,72.0,1005.0,0,normal,1,0.1278031586488524,0,94.8,NORMAL,Sensor readings appear consistent with the learned normal pattern.
INM00043278,2026-07-07 03:00:00,32.6,67.0,1006.4,0,normal,1,0.1258813871239754,0,94.3,NORMAL,Sensor readings appear consistent with the learned normal pattern.
INM00043278,2026-07-07 06:00:00,36.1,62.0,1005.0,0,normal,1,0.0840397673766155,0,82.6,NORMAL,Sensor readings appear consistent with the learned normal pattern.
INM00043278,2026-07-07 09:00:00,38.6,53.0,1002.7,0,normal,-1,-0.008833174989141712,1,56.7,SUSPICIOUS,"The combination of temperature, humidity and pressure differs significantly from the learned normal pattern."
INM00043278,2026-07-07 12:00:00,34.9,81.0,1002.4,0,normal,1,0.0322449758180664,0,68.2,NORMAL,Sensor readings appear consistent with the learned normal pattern.
INM00043278,2026-07-07 15:00:00,30.9,81.0,1004.9,0,normal,1,0.12741997047212755,0,94.7,NORMAL,Sensor readings appear consistent with the learned normal pattern.
INM00043278,2026-07-08 00:00:00,30.6,68.0,1005.0,0,normal,1,0.12362973900556423,0,93.7,NORMAL,Sensor readings appear consistent with the learned normal pattern.
INM00043278,2026-07-08 03:00:00,31.8,65.0,1006.2,0,normal,1,0.12896678301792686,0,95.2,NORMAL,Sensor readings appear consistent with the learned normal pattern.
INM00043278,2026-07-08 06:00:00,36.0,57.0,1005.4,0,normal,1,0.08458419245937049,0,82.8,NORMAL,Sensor readings appear consistent with the learned normal pattern.
INM00043278,2026-07-08 09:00:00,38.1,59.0,1003.3,0,normal,1,0.01638580973492243,0,63.8,NORMAL,Sensor readings appear consistent with the learned normal pattern.
INM00043278,2026-07-08 12:00:00,34.6,69.0,1002.7,0,normal,1,0.07350447595033949,0,79.7,NORMAL,Sensor readings appear consistent with the learned normal pattern.
INM00043278,2026-07-08 15:00:00,31.4,75.0,1004.8,0,normal,1,0.13282108220197641,0,96.2,NORMAL,Sensor readings appear consistent with the learned normal pattern.
INM00043278,2026-07-09 00:00:00,30.8,73.0,1005.2,0,normal,1,0.13193324138253348,0,96.0,NORMAL,Sensor readings appear consistent with the learned normal pattern.
INM00043278,2026-07-09 03:00:00,33.2,66.0,1007.0,0,normal,1,0.12097297554554148,0,92.9,NORMAL,Sensor readings appear consistent with the learned normal pattern.
INM00043278,2026-07-09 06:00:00,36.8,58.0,1006.2,0,normal,1,0.065850038906765,0,77.6,NORMAL,Sensor readings appear consistent with the learned normal pattern.
INM00043278,2026-07-09 09:00:00,34.0,69.0,1004.3,0,normal,1,0.10889757321578547,0,89.6,NORMAL,Sensor readings appear consistent with the learned normal pattern.
INM00043278,2026-07-09 12:00:00,31.0,84.0,1004.6,0,normal,1,0.11767738562464919,0,92.0,NORMAL,Sensor readings appear consistent with the learned normal pattern.
INM00043278,2026-07-09 15:00:00,26.8,97.0,1007.4,0,normal,1,0.035708024298710395,0,69.1,NORMAL,Sensor readings appear consistent with the learned normal pattern.
INM00043278,2026-07-10 00:00:00,28.2,97.0,1006.3,0,normal,1,0.040508634086562745,0,70.5,NORMAL,Sensor readings appear consistent with the learned normal pattern.
INM00043278,2026-07-10 03:00:00,29.0,94.0,1008.6,0,normal,1,0.058555894393025165,0,75.5,NORMAL,Sensor readings appear consistent with the learned normal pattern.
INM00043278,2026-07-10 06:00:00,31.5,72.0,1008.5,0,normal,1,0.13049842343398266,0,95.6,NORMAL,Sensor readings appear consistent with the learned normal pattern.
INM00043278,2026-07-10 09:00:00,34.0,65.0,1006.8,0,normal,1,0.11074483797954826,0,90.1,NORMAL,Sensor readings appear consistent with the learned normal pattern.
INM00043278,2026-07-10 12:00:00,33.0,74.0,1005.9,0,normal,1,0.12321690912983962,0,93.6,NORMAL,Sensor readings appear consistent with the learned normal pattern.
INM00043278,2026-07-10 15:00:00,30.0,85.0,1007.2,0,normal,1,0.13179098656643146,0,96.0,NORMAL,Sensor readings appear consistent with the learned normal pattern.
INM00043278,2026-07-11 00:00:00,27.8,87.0,1006.2,0,normal,1,0.10935029235875482,0,89.7,NORMAL,Sensor readings appear consistent with the learned normal pattern.
INM00043278,2026-07-11 03:00:00,31.0,78.0,1007.8,0,normal,1,0.13881948759262364,0,97.9,NORMAL,Sensor readings appear consistent with the learned normal pattern.
INM00043278,2026-07-11 06:00:00,35.0,62.0,1006.6,0,normal,1,0.09759195164983536,0,86.4,NORMAL,Sensor readings appear consistent with the learned normal pattern.
INM00043278,2026-07-11 09:00:00,37.4,55.0,1004.2,0,normal,1,0.058268205832859576,0,75.4,NORMAL,Sensor readings appear consistent with the learned normal pattern.
INM00043278,2026-07-11 12:00:00,33.2,72.0,1003.5,0,normal,1,0.10439203620822385,0,88.3,NORMAL,Sensor readings appear consistent with the learned normal pattern.
INM00043278,2026-07-11 15:00:00,30.4,91.0,1005.2,0,normal,1,0.08881987978392342,0,84.0,NORMAL,Sensor readings appear consistent with the learned normal pattern.
INM00043278,2026-07-12 00:00:00,29.4,87.0,1003.5,0,normal,1,0.07740736897988798,0,80.8,NORMAL,Sensor readings appear consistent with the learned normal pattern.
INM00043278,2026-07-12 03:00:00,32.2,72.0,1004.9,0,normal,1,0.1292245087646512,0,95.2,NORMAL,Sensor readings appear consistent with the learned normal pattern.
INM00043278,2026-07-12 06:00:00,36.0,60.0,1004.6,0,normal,1,0.08038817956767919,0,81.6,NORMAL,Sensor readings appear consistent with the learned normal pattern.
INM00043278,2026-07-12 09:00:00,36.0,62.0,1001.7,0,normal,1,0.02665080550139287,0,66.6,NORMAL,Sensor readings appear consistent with the learned normal pattern.
INM00043278,2026-07-12 12:00:00,33.0,76.0,1002.1,0,normal,1,0.08002842243998276,0,81.5,NORMAL,Sensor readings appear consistent with the learned normal pattern.
INM00043278,2026-07-12 15:00:00,30.5,93.0,1003.9,0,normal,1,0.04432906350377319,0,71.6,NORMAL,Sensor readings appear consistent with the learned normal pattern.
INM00043278,2026-07-13 00:00:00,29.6,91.0,1003.5,0,normal,1,0.05834581103499509,0,75.5,NORMAL,Sensor readings appear consistent with the learned normal pattern.
INM00043278,2026-07-13 03:00:00,32.5,67.0,1005.4,0,normal,1,0.12577350937354176,0,94.3,NORMAL,Sensor readings appear consistent with the learned normal pattern.
INM00043278,2026-07-13 06:00:00,36.0,60.0,1004.8,0,normal,1,0.08283210455758733,0,82.3,NORMAL,Sensor readings appear consistent with the learned normal pattern.
INM00043278,2026-07-13 09:00:00,38.8,56.0,1003.0,0,normal,-1,-0.0021044319525187483,1,58.6,SUSPICIOUS,"The combination of temperature, humidity and pressure differs significantly from the learned normal pattern."
INM00043278,2026-07-13 12:00:00,33.4,74.0,1001.7,0,normal,1,0.05739083671731937,0,75.2,NORMAL,Sensor readings appear consistent with the learned normal pattern.
INM00043278,2026-07-13 15:00:00,30.7,88.0,1004.4,0,normal,1,0.09629315367655811,0,86.0,NORMAL,Sensor readings appear consistent with the learned normal pattern.
INM00043278,2026-07-14 00:00:00,29.6,86.0,1003.4,0,normal,1,0.08668665485951194,0,83.4,NORMAL,Sensor readings appear consistent with the learned normal pattern.
INM00043278,2026-07-14 03:00:00,33.2,63.0,1005.1,0,normal,1,0.10971071393176862,0,89.8,NORMAL,Sensor readings appear consistent with the learned normal pattern.
INM00043278,2026-07-14 06:00:00,37.3,56.0,1004.1,0,normal,1,0.053368388099912456,0,74.1,NORMAL,Sensor readings appear consistent with the learned normal pattern.
INM00043278,2026-07-14 09:00:00,35.5,65.0,1003.0,0,normal,1,0.06524913540469168,0,77.4,NORMAL,Sensor readings appear consistent with the learned normal pattern.
INM00043278,2026-07-14 12:00:00,32.9,87.0,1002.2,1,humidity_spike,1,0.02807888593089103,0,67.0,NORMAL,Sensor readings appear consistent with the learned normal pattern.
INM00043278,2026-07-14 15:00:00,31.2,81.0,1004.7,0,normal,1,0.12504285177475855,0,94.1,NORMAL,Sensor readings appear consistent with the learned normal pattern.
INM00043278,2026-07-15 00:00:00,29.0,92.0,1004.6,0,normal,1,0.06311739271685274,0,76.8,NORMAL,Sensor readings appear consistent with the learned normal pattern.
INM00043278,2026-07-15 03:00:00,31.5,82.0,1005.6,0,normal,1,0.12500209715655336,0,94.1,NORMAL,Sensor readings appear consistent with the learned normal pattern.
INM00043278,2026-07-15 06:00:00,37.0,61.0,1005.4,0,normal,1,0.0625934708006411,0,76.6,NORMAL,Sensor readings appear consistent with the learned normal pattern.
INM00043278,2026-07-15 09:00:00,34.5,73.0,1003.9,0,normal,1,0.0889168620548621,0,84.0,NORMAL,Sensor readings appear consistent with the learned normal pattern.
INM00043278,2026-07-15 12:00:00,33.5,75.0,1003.7,0,normal,1,0.0960413852673972,0,86.0,NORMAL,Sensor readings appear consistent with the learned normal pattern.
INM00043278,2026-07-15 15:00:00,31.0,84.0,1005.5,0,normal,1,0.125096384706138,0,94.1,NORMAL,Sensor readings appear consistent with the learned normal pattern.
INM00043278,2026-07-16 00:00:00,28.9,87.0,1005.5,0,normal,1,0.11405588273594097,0,91.0,NORMAL,Sensor readings appear consistent with the learned normal pattern.
INM00043278,2026-07-16 03:00:00,31.4,72.0,1006.9,0,normal,1,0.13745552658297322,0,97.5,NORMAL,Sensor readings appear consistent with the learned normal pattern.
INM00043278,2026-07-16 06:00:00,35.5,57.0,1006.3,0,normal,1,0.08976877818466383,0,84.2,NORMAL,Sensor readings appear consistent with the learned normal pattern.
INM00043278,2026-07-16 09:00:00,37.8,54.0,1004.1,0,normal,1,0.03509567761136262,0,69.0,NORMAL,Sensor readings appear consistent with the learned normal pattern.
INM00043278,2026-07-16 12:00:00,33.8,65.0,1004.1,0,normal,1,0.10301155565234288,0,87.9,NORMAL,Sensor readings appear consistent with the learned normal pattern.
INM00043278,2026-07-16 15:00:00,31.0,81.0,1005.7,0,normal,1,0.13067799474753972,0,95.6,NORMAL,Sensor readings appear consistent with the learned normal pattern.
INM00043278,2026-07-17 00:00:00,29.4,88.0,1005.9,0,normal,1,0.11709931865027323,0,91.9,NORMAL,Sensor readings appear consistent with the learned normal pattern.
INM00043278,2026-07-17 03:00:00,32.0,76.0,1008.0,0,normal,1,0.13251883601511866,0,96.2,NORMAL,Sensor readings appear consistent with the learned normal pattern.
INM00043278,2026-07-17 06:00:00,31.0,78.0,1006.6,0,normal,1,0.13980734767021974,0,98.2,NORMAL,Sensor readings appear consistent with the learned normal pattern.
INM00043278,2026-07-17 09:00:00,36.3,67.0,1004.3,0,normal,1,0.07306422665390094,0,79.6,NORMAL,Sensor readings appear consistent with the learned normal pattern.
INM00043278,2026-07-17 12:00:00,27.6,100.0,1004.9,0,normal,-1,-0.00784117395585493,1,57.0,SUSPICIOUS,"The combination of temperature, humidity and pressure differs significantly from the learned normal pattern."
INM00043278,2026-07-17 15:00:00,27.8,97.0,1006.6,0,normal,1,0.04169278000398535,0,70.8,NORMAL,Sensor readings appear consistent with the learned normal pattern.
INM00043278,2026-07-18 00:00:00,27.2,94.0,1006.0,0,normal,1,0.05741642775289446,0,75.2,NORMAL,Sensor readings appear consistent with the learned normal pattern.
INM00043278,2026-07-18 03:00:00,28.2,91.0,1008.2,0,normal,1,0.09413347320694815,0,85.4,NORMAL,Sensor readings appear consistent with the learned normal pattern.
INM00043278,2026-07-18 06:00:00,31.7,74.0,1006.8,0,normal,1,0.13553883990998017,0,97.0,NORMAL,Sensor readings appear consistent with the learned normal pattern.
INM00043278,2026-07-18 09:00:00,32.0,75.0,1005.3,0,normal,1,0.1322531609099452,0,96.1,NORMAL,Sensor readings appear consistent with the learned normal pattern.
INM00043278,2026-07-18 12:00:00,30.2,84.0,1004.6,0,normal,1,0.12091990257636875,0,92.9,NORMAL,Sensor readings appear consistent with the learned normal pattern.
INM00043278,2026-07-18 15:00:00,29.5,92.0,1006.6,0,normal,1,0.08766120087266899,0,83.6,NORMAL,Sensor readings appear consistent with the learned normal pattern.
INM00043278,2026-07-19 00:00:00,26.8,94.0,1006.3,0,normal,1,0.058824392021209426,0,75.6,NORMAL,Sensor readings appear consistent with the learned normal pattern.
INM00043278,2026-07-19 03:00:00,29.9,76.0,1006.7,0,normal,1,0.14418112183289822,0,99.4,NORMAL,Sensor readings appear consistent with the learned normal pattern.
INM00043278,2026-07-19 06:00:00,32.0,79.0,1007.0,0,normal,1,0.12928661955215076,0,95.3,NORMAL,Sensor readings appear consistent with the learned normal pattern.
INM00043278,2026-07-19 09:00:00,31.9,82.0,1004.7,0,normal,1,0.11527759988771663,0,91.3,NORMAL,Sensor readings appear consistent with the learned normal pattern.
INM00043278,2026-07-19 12:00:00,30.3,86.0,1004.8,0,normal,1,0.11921839016878905,0,92.4,NORMAL,Sensor readings appear consistent with the learned normal pattern.
INM00043278,2026-07-19 15:00:00,29.5,87.0,1006.2,0,normal,1,0.12171883403428002,0,93.1,NORMAL,Sensor readings appear consistent with the learned normal pattern.
INM00043278,2026-07-20 00:00:00,27.3,91.0,1005.7,0,normal,1,0.08562619905764823,0,83.1,NORMAL,Sensor readings appear consistent with the learned normal pattern.
INM00043278,2026-07-20 03:00:00,28.3,92.0,1007.6,0,normal,1,0.08831499204424142,0,83.8,NORMAL,Sensor readings appear consistent with the learned normal pattern.
INM00043278,2026-07-20 06:00:00,32.7,71.0,1007.0,0,normal,1,0.12557016963747702,0,94.2,NORMAL,Sensor readings appear consistent with the learned normal pattern.
INM00043278,2026-07-20 09:00:00,35.1,59.0,1004.9,0,normal,1,0.09619816814526444,0,86.0,NORMAL,Sensor readings appear consistent with the learned normal pattern.
INM00043278,2026-07-20 12:00:00,31.2,76.0,1004.2,0,normal,1,0.13026693564204367,0,95.5,NORMAL,Sensor readings appear consistent with the learned normal pattern.
INM00043278,2026-07-20 15:00:00,30.0,85.0,1006.3,0,normal,1,0.12815216212755054,0,94.9,NORMAL,Sensor readings appear consistent with the learned normal pattern.
INM00043278,2026-07-21 00:00:00,27.0,97.0,1006.4,0,normal,1,0.033677041907626826,0,68.6,NORMAL,Sensor readings appear consistent with the learned normal pattern.
INM00043278,2026-07-21 03:00:00,29.2,91.0,1007.8,0,normal,1,0.09665223102230708,0,86.1,NORMAL,Sensor readings appear consistent with the learned normal pattern.
INM00043278,2026-07-21 06:00:00,33.4,67.0,1006.8,0,normal,1,0.123428869746883,0,93.6,NORMAL,Sensor readings appear consistent with the learned normal pattern.
INM00043278,2026-07-21 09:00:00,36.0,60.0,1005.8,0,normal,1,0.08418576666126887,0,82.7,NORMAL,Sensor readings appear consistent with the learned normal pattern.
INM00043278,2026-07-21 12:00:00,32.0,74.0,1005.2,0,normal,1,0.1312850055919198,0,95.8,NORMAL,Sensor readings appear consistent with the learned normal pattern.
INM00043278,2026-07-21 15:00:00,30.0,88.0,1006.5,0,normal,1,0.11909220433916917,0,92.4,NORMAL,Sensor readings appear consistent with the learned normal pattern.
INM00043278,2026-07-22 00:00:00,28.0,96.0,1006.4,0,normal,1,0.050527816100491674,0,73.3,NORMAL,Sensor readings appear consistent with the learned normal pattern.
INM00043278,2026-07-22 03:00:00,30.1,81.0,1008.2,0,normal,1,0.13370235150869825,0,96.5,NORMAL,Sensor readings appear consistent with the learned normal pattern.
INM00043278,2026-07-22 06:00:00,35.3,61.0,1007.0,0,normal,1,0.08910469696070894,0,84.0,NORMAL,Sensor readings appear consistent with the learned normal pattern.
INM00043278,2026-07-22 09:00:00,34.0,77.0,1005.7,0,normal,1,0.10029387436969217,0,87.2,NORMAL,Sensor readings appear consistent with the learned normal pattern.
INM00043278,2026-07-22 12:00:00,31.5,86.0,1004.8,0,normal,1,0.10670941682144802,0,89.0,NORMAL,Sensor readings appear consistent with the learned normal pattern.
INM00043278,2026-07-22 15:00:00,29.8,95.0,1008.1,0,normal,1,0.04760941051277917,0,72.5,NORMAL,Sensor readings appear consistent with the learned normal pattern.
INM00043278,2026-07-23 00:00:00,28.6,86.0,1006.3,0,normal,1,0.11909238874431921,0,92.4,NORMAL,Sensor readings appear consistent with the learned normal pattern.
INM00043278,2026-07-23 03:00:00,30.1,91.0,1008.4,0,normal,1,0.08620309435129886,0,83.2,NORMAL,Sensor readings appear consistent with the learned normal pattern.
INM00043278,2026-07-23 06:00:00,34.2,63.0,1006.6,0,normal,1,0.1050235765516937,0,88.5,NORMAL,Sensor readings appear consistent with the learned normal pattern.
INM00043278,2026-07-23 09:00:00,34.5,71.0,1005.0,0,normal,1,0.10474638635850025,0,88.4,NORMAL,Sensor readings appear consistent with the learned normal pattern.
INM00043278,2026-07-23 12:00:00,31.2,83.0,1004.1,0,normal,1,0.10981071463698822,0,89.8,NORMAL,Sensor readings appear consistent with the learned normal pattern.
INM00043278,2026-07-23 15:00:00,29.9,86.0,1005.6,0,normal,1,0.12676260153832358,0,94.5,NORMAL,Sensor readings appear consistent with the learned normal pattern.
INM00043278,2026-07-24 00:00:00,29.0,90.0,1005.2,0,normal,1,0.09745676022958755,0,86.4,NORMAL,Sensor readings appear consistent with the learned normal pattern.
INM00043278,2026-07-24 03:00:00,30.0,88.0,1006.9,0,normal,1,0.11830101849046959,0,92.2,NORMAL,Sensor readings appear consistent with the learned normal pattern.
INM00043278,2026-07-24 06:00:00,34.4,63.0,1006.2,0,normal,1,0.10301764007445746,0,87.9,NORMAL,Sensor readings appear consistent with the learned normal pattern.
INM00043278,2026-07-24 09:00:00,34.0,75.0,1004.1,0,normal,1,0.09639426014061642,0,86.1,NORMAL,Sensor readings appear consistent with the learned normal pattern.
INM00043278,2026-07-24 12:00:00,32.5,76.0,1004.3,0,normal,1,0.12118987349727428,0,93.0,NORMAL,Sensor readings appear consistent with the learned normal pattern.
INM00043278,2026-07-24 15:00:00,30.0,88.0,1005.7,0,normal,1,0.11581117774282773,0,91.5,NORMAL,Sensor readings appear consistent with the learned normal pattern.
INM00043278,2026-07-25 03:00:00,31.0,81.0,1006.1,0,normal,1,0.1331559078068998,0,96.3,NORMAL,Sensor readings appear consistent with the learned normal pattern.
INM00043278,2026-07-25 06:00:00,34.0,53.0,1005.8,0,normal,1,0.07425763047265438,0,79.9,NORMAL,Sensor readings appear consistent with the learned normal pattern.
INM00043278,2026-07-25 09:00:00,35.0,62.0,1004.0,0,normal,1,0.08642342485456134,0,83.3,NORMAL,Sensor readings appear consistent with the learned normal pattern.
INM00043278,2026-07-25 12:00:00,31.0,78.0,1002.9,0,normal,1,0.09913941122636993,0,86.8,NORMAL,Sensor readings appear consistent with the learned normal pattern.
INM00043278,2026-07-25 15:00:00,30.1,84.0,1005.1,0,normal,1,0.1278789685249498,0,94.9,NORMAL,Sensor readings appear consistent with the learned normal pattern.
